/*
 Navicat Premium Data Transfer

 Source Server         : localhost
 Source Server Type    : MySQL
 Source Server Version : 50726
 Source Host           : localhost:3306
 Source Schema         : flask_demo

 Target Server Type    : MySQL
 Target Server Version : 50726
 File Encoding         : 65001

 Date: 08/05/2022 15:28:12
*/

SET NAMES utf8mb4;
SET FOREIGN_KEY_CHECKS = 0;

-- ----------------------------
-- Table structure for category
-- ----------------------------
DROP TABLE IF EXISTS `category`;
CREATE TABLE `category`  (
  `name` varchar(255) CHARACTER SET utf8 COLLATE utf8_unicode_ci NOT NULL,
  `type` varchar(255) CHARACTER SET utf8 COLLATE utf8_unicode_ci NOT NULL,
  `id` int(11) NOT NULL AUTO_INCREMENT,
  PRIMARY KEY (`id`) USING BTREE
) ENGINE = MyISAM AUTO_INCREMENT = 261 CHARACTER SET = utf8 COLLATE = utf8_unicode_ci ROW_FORMAT = Dynamic;

-- ----------------------------
-- Records of category
-- ----------------------------
INSERT INTO `category` VALUES ('否定、反向或反义', 'prefix', 1);
INSERT INTO `category` VALUES ('贬义', 'prefix', 2);
INSERT INTO `category` VALUES ('比较、程度或大小', 'prefix', 3);
INSERT INTO `category` VALUES ('名词', 'suffix', 10);
INSERT INTO `category` VALUES ('空间、时间或次序', 'prefix', 5);
INSERT INTO `category` VALUES ('数量', 'prefix', 6);
INSERT INTO `category` VALUES ('其他', 'prefix', 7);
INSERT INTO `category` VALUES ('褒义', 'prefix', 8);
INSERT INTO `category` VALUES ('加强意义或动作化', 'prefix', 9);
INSERT INTO `category` VALUES ('动词', 'suffix', 11);
INSERT INTO `category` VALUES ('形容词', 'suffix', 12);
INSERT INTO `category` VALUES ('副词', 'suffix', 13);
INSERT INTO `category` VALUES ('数词', 'suffix', 14);
INSERT INTO `category` VALUES ('人', 'wordroot', 17);
INSERT INTO `category` VALUES ('生物', 'wordroot', 16);
INSERT INTO `category` VALUES ('非生物', 'wordroot', 15);
INSERT INTO `category` VALUES ('场所（住）', 'wordroot', 20);
INSERT INTO `category` VALUES ('服饰（穿）', 'wordroot', 18);
INSERT INTO `category` VALUES ('饮食（吃）', 'wordroot', 19);
INSERT INTO `category` VALUES ('交通（行）', 'wordroot', 21);
INSERT INTO `category` VALUES ('抽象、概念', 'wordroot', 26);
INSERT INTO `category` VALUES ('颜色', 'wordroot', 23);
INSERT INTO `category` VALUES ('动作', 'wordroot', 24);
INSERT INTO `category` VALUES ('修饰', 'wordroot', 25);
INSERT INTO `category` VALUES ('其他（用）', 'wordroot', 22);

-- ----------------------------
-- Table structure for counters
-- ----------------------------
DROP TABLE IF EXISTS `counters`;
CREATE TABLE `counters`  (
  `id` int(11) NOT NULL AUTO_INCREMENT,
  `count` int(11) NOT NULL DEFAULT 1,
  `createdAt` timestamp(0) NOT NULL DEFAULT CURRENT_TIMESTAMP(0),
  `updatedAt` timestamp(0) NOT NULL DEFAULT CURRENT_TIMESTAMP(0),
  PRIMARY KEY (`id`) USING BTREE
) ENGINE = InnoDB AUTO_INCREMENT = 2 CHARACTER SET = utf8 COLLATE = utf8_general_ci ROW_FORMAT = Dynamic;

-- ----------------------------
-- Records of counters
-- ----------------------------
INSERT INTO `counters` VALUES (1, 13, '2022-04-25 17:24:44', '2022-04-26 16:40:27');

-- ----------------------------
-- Table structure for prefix
-- ----------------------------
DROP TABLE IF EXISTS `prefix`;
CREATE TABLE `prefix`  (
  `affix` varchar(255) CHARACTER SET utf8 COLLATE utf8_unicode_ci NOT NULL COMMENT '词缀',
  `translation` varchar(255) CHARACTER SET utf8 COLLATE utf8_unicode_ci NULL DEFAULT NULL COMMENT '释义',
  `example` varchar(255) CHARACTER SET utf8 COLLATE utf8_unicode_ci NULL DEFAULT NULL COMMENT '示例',
  `category` int(11) NOT NULL COMMENT '分类',
  `id` int(11) NOT NULL AUTO_INCREMENT COMMENT '主键',
  `note` varchar(255) CHARACTER SET utf8 COLLATE utf8_unicode_ci NULL DEFAULT NULL COMMENT '注意事项',
  PRIMARY KEY (`id`) USING BTREE
) ENGINE = MyISAM AUTO_INCREMENT = 401 CHARACTER SET = utf8 COLLATE = utf8_unicode_ci ROW_FORMAT = Dynamic;

-- ----------------------------
-- Records of prefix
-- ----------------------------
INSERT INTO `prefix` VALUES ('anti', '反对，反抗，相反', 'antibiotics抗生素', 1, 102, '用于a前省略i');
INSERT INTO `prefix` VALUES ('under', '下，下面', 'underworld下层社会', 5, 103, NULL);
INSERT INTO `prefix` VALUES ('de', '否定，非，相反', 'deprecatory反对的', 1, 104, NULL);
INSERT INTO `prefix` VALUES ('dis', '不，无，相反', 'dislike不喜欢', 1, 105, NULL);
INSERT INTO `prefix` VALUES ('bi', '两，二', 'bimonthly', 6, 106, NULL);
INSERT INTO `prefix` VALUES ('tri', '三', 'triangle三角', 6, 107, NULL);
INSERT INTO `prefix` VALUES ('hepta', '七', 'heptagon七边形', 6, 108, NULL);
INSERT INTO `prefix` VALUES ('penta', '五', 'pentagram五角星形', 6, 109, NULL);
INSERT INTO `prefix` VALUES ('demi', '半', 'demigod半神半人', 6, 321, NULL);
INSERT INTO `prefix` VALUES ('para', '半', NULL, 6, 111, NULL);
INSERT INTO `prefix` VALUES ('non', '不，无，非', 'nonmetal非金属', 1, 112, NULL);
INSERT INTO `prefix` VALUES ('neo', '新的，最近的，最新的', 'neoimpressionism新印象派', 3, 113, NULL);
INSERT INTO `prefix` VALUES ('photo', '光', NULL, 7, 114, NULL);
INSERT INTO `prefix` VALUES ('ab,abs', '相反，变坏，离去', 'abuse滥用', 1, 116, 'None');
INSERT INTO `prefix` VALUES ('pre', '先，前', 'prefix前缀', 5, 117, NULL);
INSERT INTO `prefix` VALUES ('re', '回，向后', 'reclaim收回', 5, 118, NULL);
INSERT INTO `prefix` VALUES ('mono', '独，单一，一个', 'monoxide一氧化物', 6, 121, NULL);
INSERT INTO `prefix` VALUES ('in', '不，无，非', 'inhuman不人道的', 1, 122, NULL);
INSERT INTO `prefix` VALUES ('macro', '大，宏，长', 'macroclimate大气候', 3, 123, NULL);
INSERT INTO `prefix` VALUES ('pl', '双', NULL, 6, 124, NULL);
INSERT INTO `prefix` VALUES ('un', '不，无，非，相反动作，取消', 'unfortunate不幸的', 1, 125, NULL);
INSERT INTO `prefix` VALUES ('a', '无，不，非', 'azonic非地带性的', 1, 126, NULL);
INSERT INTO `prefix` VALUES ('exo', '外，外部', 'exotic外来的', 5, 128, NULL);
INSERT INTO `prefix` VALUES ('inter', '中间，在…之间，在内，向内，在...之际', 'interoceanic大洋之间的', 5, 130, NULL);
INSERT INTO `prefix` VALUES ('multi', '多', 'multimedia多媒体的', 6, 131, '用于a前省i');
INSERT INTO `prefix` VALUES ('co', '共同', 'cooperation合作', 3, 132, NULL);
INSERT INTO `prefix` VALUES ('ambi,amphi', '双，二', 'amphibian水陆两用车', 6, 133, NULL);
INSERT INTO `prefix` VALUES ('ob', '逆，反，非，倒', 'object反对', 1, 134, NULL);
INSERT INTO `prefix` VALUES ('omni', '全，总，公，都', 'omnibus公共汽车', 3, 135, NULL);
INSERT INTO `prefix` VALUES ('dys', '困难，不良，恶', 'dyspepsia消化不良', 2, 136, NULL);
INSERT INTO `prefix` VALUES ('at', '含at,to意思，加强意义', 'attract吸引', 9, 137, '用在t前');
INSERT INTO `prefix` VALUES ('cor', '共同，互相', 'correspond共鸣', 3, 314, '用在r前');
INSERT INTO `prefix` VALUES ('con', '使...', 'confirm使坚定', 9, 139, NULL);
INSERT INTO `prefix` VALUES ('re', '再，重复，重新', 'reconsider重新考虑', 3, 373, NULL);
INSERT INTO `prefix` VALUES ('ir', '不，无', 'irregular不规则的', 1, 141, '用在r前');
INSERT INTO `prefix` VALUES ('per', '贯穿，通，透', 'persist坚持', 5, 142, NULL);
INSERT INTO `prefix` VALUES ('sup', '使成...', 'support支持', 9, 143, '用在p前');
INSERT INTO `prefix` VALUES ('mis', '误，错，恶', 'misspell拼错', 2, 144, NULL);
INSERT INTO `prefix` VALUES ('philo', '喜爱', NULL, 8, 145, NULL);
INSERT INTO `prefix` VALUES ('pan,panto', '全部；泛', 'panthemism泛神论', 3, 146, NULL);
INSERT INTO `prefix` VALUES ('sub', '次，稍，略；下，替换；下级', NULL, 3, 147, NULL);
INSERT INTO `prefix` VALUES ('circum', '周围，环境', 'circumpolar极地周围的', 5, 148, NULL);
INSERT INTO `prefix` VALUES ('levo', '左', NULL, 5, 149, NULL);
INSERT INTO `prefix` VALUES ('sur', '上，外，超', 'surcharge超载', 3, 150, NULL);
INSERT INTO `prefix` VALUES ('ac', '含at,to意思，加强意义', 'accustom使习惯', 9, 151, '用在c,k,q前');
INSERT INTO `prefix` VALUES ('im', '内，入', 'imprison监禁', 5, 152, '用在b,m,p前');
INSERT INTO `prefix` VALUES ('caco', '不良，坏 ', 'cacophony刺耳的声音', 2, 399, '');
INSERT INTO `prefix` VALUES ('endo', '内，中间', 'endoparasite体内寄生虫', 5, 155, NULL);
INSERT INTO `prefix` VALUES ('dif', '不，无，相反', 'diffidence不自信', 1, 156, '用在f前');
INSERT INTO `prefix` VALUES ('suf', '在下面，后', NULL, 5, 157, NULL);
INSERT INTO `prefix` VALUES ('trans', '穿，越，超', 'transnational跨国的', 5, 158, NULL);
INSERT INTO `prefix` VALUES ('uni', '一，单一', 'unicorn独角兽', 6, 159, NULL);
INSERT INTO `prefix` VALUES ('super', '过度，过多', 'superexcitation过度兴奋', 3, 389, NULL);
INSERT INTO `prefix` VALUES ('prim', '初，第一的，首要的', NULL, 3, 161, NULL);
INSERT INTO `prefix` VALUES ('ovi', '蛋，卵', NULL, 7, 162, NULL);
INSERT INTO `prefix` VALUES ('dia', '贯通，透过', 'diameter直径', 5, 164, NULL);
INSERT INTO `prefix` VALUES ('semi', '半', 'semimonthly半月刊', 6, 165, NULL);
INSERT INTO `prefix` VALUES ('syn', '共同，相同', 'synthesis合成', 3, 167, NULL);
INSERT INTO `prefix` VALUES ('op', '逆，反，非，倒', 'opposite相反的', 1, 168, '用在p前');
INSERT INTO `prefix` VALUES ('equi', '相等，同等', 'equilateral正多边形', 3, 169, NULL);
INSERT INTO `prefix` VALUES ('hex,sex，sext，sexi', '六', NULL, 6, 170, NULL);
INSERT INTO `prefix` VALUES ('octa', '八', 'octagon八角形', 6, 171, NULL);
INSERT INTO `prefix` VALUES ('quadr', '四', 'quadruped四足动物', 6, 172, NULL);
INSERT INTO `prefix` VALUES ('quinque', '五', 'quinquesection五等分', 6, 173, '用于a前省e');
INSERT INTO `prefix` VALUES ('sept', '七', 'septuple七倍的', 6, 175, NULL);
INSERT INTO `prefix` VALUES ('over', '过度，太甚', 'overpraise过奖', 3, 176, NULL);
INSERT INTO `prefix` VALUES ('hypo', '下，低，次，少', 'hypotension低血压', 3, 177, NULL);
INSERT INTO `prefix` VALUES ('mal', '不好的，恶意', 'malfunction故障', 2, 178, NULL);
INSERT INTO `prefix` VALUES ('di', '二，双', 'dioxide二氧化物', 6, 179, NULL);
INSERT INTO `prefix` VALUES ('oligo', '少，小，寡，微', NULL, 3, 181, NULL);
INSERT INTO `prefix` VALUES ('peri', '周围，外层，靠近', 'pericarp果皮', 5, 182, '用于a前省i');
INSERT INTO `prefix` VALUES ('hemi', '半', 'hemisphere半球', 6, 183, NULL);
INSERT INTO `prefix` VALUES ('as', '含at,to意思，加强意义', 'assort分类', 9, 184, '用在s前');
INSERT INTO `prefix` VALUES ('leuco', '白', NULL, 7, 185, NULL);
INSERT INTO `prefix` VALUES ('hetero', '异', 'heterosexaul异性的', 3, 186, NULL);
INSERT INTO `prefix` VALUES ('pleni', '全', NULL, 3, 187, NULL);
INSERT INTO `prefix` VALUES ('duo', '两，二', NULL, 6, 188, NULL);
INSERT INTO `prefix` VALUES ('sur', '使成...', 'surround包围', 9, 189, '用在r前');
INSERT INTO `prefix` VALUES ('tetra', '四', 'tetrachord四弦乐器', 6, 190, NULL);
INSERT INTO `prefix` VALUES ('eu', '优，善，好', 'euphonic声音好听的', 8, 191, NULL);
INSERT INTO `prefix` VALUES ('myri', '万', NULL, 6, 192, NULL);
INSERT INTO `prefix` VALUES ('ante', '前，先', 'anteroom接待室', 5, 193, NULL);
INSERT INTO `prefix` VALUES ('infra', '下，低', 'infrared红外线', 3, 194, NULL);
INSERT INTO `prefix` VALUES ('supra', '超,上', 'suprarenal肾上腺的', 5, 195, NULL);
INSERT INTO `prefix` VALUES ('ultra', '超，以外', 'ultramarine海外的', 5, 196, NULL);
INSERT INTO `prefix` VALUES ('col', '共同', 'collocate并置，并列', 3, 197, '用在l前');
INSERT INTO `prefix` VALUES ('ennea', '九', NULL, 6, 198, NULL);
INSERT INTO `prefix` VALUES ('deca', '十', 'decameter十米', 6, 200, NULL);
INSERT INTO `prefix` VALUES ('hexa', '六', 'hexangular六角的', 6, 201, NULL);
INSERT INTO `prefix` VALUES ('post', '后', 'postscript后记', 5, 202, NULL);
INSERT INTO `prefix` VALUES ('meso', '中间', NULL, 5, 203, NULL);
INSERT INTO `prefix` VALUES ('ecto', '外', NULL, 5, 204, NULL);
INSERT INTO `prefix` VALUES ('epi', '在旁边，在后面，在外面，在中间，在远处，在上面', 'epidermis表皮', 5, 205, NULL);
INSERT INTO `prefix` VALUES ('homo', '相同', NULL, 3, 206, NULL);
INSERT INTO `prefix` VALUES ('ag', '含at,to意思，加强意义', 'aggrandize增大', 9, 298, '用在g前');
INSERT INTO `prefix` VALUES ('an', '无，不', 'anarchistic无政府的', 1, 300, NULL);
INSERT INTO `prefix` VALUES ('af', '含at,to意思，加强意义', 'afforest造林，绿化', 9, 297, '用在f前');
INSERT INTO `prefix` VALUES ('al', '含at,to意思，加强意义', 'allocate分配', 9, 299, '用在l前');
INSERT INTO `prefix` VALUES ('ad', '含at,to意思，加强意义', 'adventrue冒险', 9, 296, '用在d,h,j,m,v前');
INSERT INTO `prefix` VALUES ('twi', '二，两', 'twin双胞胎', 6, 392, NULL);
INSERT INTO `prefix` VALUES ('e', '加强或引申意义', 'evaluate评价', 9, 325, NULL);
INSERT INTO `prefix` VALUES ('trans', '转移，变换', 'transport运输', 3, 391, NULL);
INSERT INTO `prefix` VALUES ('ultra', '极端', 'ultrathin极薄的', 3, 393, NULL);
INSERT INTO `prefix` VALUES ('icos', '二十', NULL, 6, 229, NULL);
INSERT INTO `prefix` VALUES ('pico', '微微,万亿分之一,沙', NULL, 6, 231, NULL);
INSERT INTO `prefix` VALUES ('nano', '毫微', NULL, 6, 233, NULL);
INSERT INTO `prefix` VALUES ('holo', '全,都,整体', 'hologram全息图', 3, 234, NULL);
INSERT INTO `prefix` VALUES ('up', '向上', 'upstair楼上的', 5, 235, NULL);
INSERT INTO `prefix` VALUES ('quasi', '有点像但不是真的', NULL, 3, 236, NULL);
INSERT INTO `prefix` VALUES ('meta', '超', 'metachemistry超级化学', 3, 350, NULL);
INSERT INTO `prefix` VALUES ('arch', '主要的，首位的', 'archenemy头号敌人', 3, 239, NULL);
INSERT INTO `prefix` VALUES ('Sino', '中国，中国人', 'Sino-Tibetan汉藏语系', 7, 241, NULL);
INSERT INTO `prefix` VALUES ('paleo', '古，旧', 'paleozoology古动物学', 5, 242, NULL);
INSERT INTO `prefix` VALUES ('step', '后，继', 'stepfather继父', 5, 243, NULL);
INSERT INTO `prefix` VALUES ('pen', '几乎，相近，相似', 'penultimate倒数第二个', 3, 244, NULL);
INSERT INTO `prefix` VALUES ('iso', '等，同', 'isotope同位素', 3, 245, NULL);
INSERT INTO `prefix` VALUES ('vice', '代替，副', 'vice-manager副经理', 3, 246, NULL);
INSERT INTO `prefix` VALUES ('kilo', '千;千分之一', 'kilowatt千瓦', 6, 247, NULL);
INSERT INTO `prefix` VALUES ('hecto', '百,百分之一', 'hectopascal百帕', 6, 248, NULL);
INSERT INTO `prefix` VALUES ('deci', '十分之一', 'decigram十分之一克', 6, 249, NULL);
INSERT INTO `prefix` VALUES ('decem', '十', NULL, 6, 250, NULL);
INSERT INTO `prefix` VALUES ('non,nona,novem,ennea', '九', NULL, 6, 251, NULL);
INSERT INTO `prefix` VALUES ('ig,ne,neg', '不,无,非,否', NULL, 1, 252, NULL);
INSERT INTO `prefix` VALUES ('sesqui', '一个半', NULL, 6, 253, NULL);
INSERT INTO `prefix` VALUES ('sol', '单', NULL, 6, 254, NULL);
INSERT INTO `prefix` VALUES ('be', '使...，使成为...', 'belittle使缩小，贬低', 9, 259, NULL);
INSERT INTO `prefix` VALUES ('be', '加以...，用...', 'bespangle用小亮片装饰', 9, 305, NULL);
INSERT INTO `prefix` VALUES ('by', '旁，侧', 'byroad小路', 5, 260, NULL);
INSERT INTO `prefix` VALUES ('contra', '相反，反对', 'contradict反驳，相矛盾', 1, 261, NULL);
INSERT INTO `prefix` VALUES ('extra', '以外，超过', 'extraordinary意想不到的', 5, 262, NULL);
INSERT INTO `prefix` VALUES ('im', '不，无，非', 'immoral不道德的', 1, 263, '用在b,m,p前');
INSERT INTO `prefix` VALUES ('oc', '逆，反，非，倒', 'occupy占领', 1, 264, '用在c前');
INSERT INTO `prefix` VALUES ('poly', '多', 'polyfunctional多功能的', 6, 370, NULL);
INSERT INTO `prefix` VALUES ('retro', '向后，回，后', 'retrospect回顾', 5, 375, NULL);
INSERT INTO `prefix` VALUES ('proto', '原始', 'protoplasm原生质', 3, 267, NULL);
INSERT INTO `prefix` VALUES ('super', '上', 'superstructure上层建筑', 5, 388, NULL);
INSERT INTO `prefix` VALUES ('apo', '远离，不确定', 'apogee远离地', 5, 269, NULL);
INSERT INTO `prefix` VALUES ('centi', '百分之一，厘，百', 'centimeter厘米', 6, 309, NULL);
INSERT INTO `prefix` VALUES ('cata', '下，向下', NULL, 5, 271, NULL);
INSERT INTO `prefix` VALUES ('for', '加强意义', 'forbear忍受', 9, 273, NULL);
INSERT INTO `prefix` VALUES ('fore', '前，上级，先，预先', 'foreground前景', 5, 274, NULL);
INSERT INTO `prefix` VALUES ('hydro', '水', NULL, 7, 275, NULL);
INSERT INTO `prefix` VALUES ('hyper', '超过，过多，太甚', 'hyperacid胃酸过多的', 3, 276, NULL);
INSERT INTO `prefix` VALUES ('intra', '在内，内部', 'intrastate州内的', 5, 277, NULL);
INSERT INTO `prefix` VALUES ('meta', '变化', 'metagenesis时代交替', 3, 278, NULL);
INSERT INTO `prefix` VALUES ('with', '相反，向后', 'withdraw撤回，撤退', 1, 279, NULL);
INSERT INTO `prefix` VALUES ('tele', '电', 'telecommunication电信', 7, 280, NULL);
INSERT INTO `prefix` VALUES ('pseudo', '假', 'pseudonym假名', 1, 284, NULL);
INSERT INTO `prefix` VALUES ('out', '超过，胜过', 'outrun跑过', 3, 285, NULL);
INSERT INTO `prefix` VALUES ('ec', '离开', NULL, 5, 286, NULL);
INSERT INTO `prefix` VALUES ('sym', '共同，相同', 'symmetry对称', 3, 287, '用在b,m,p前');
INSERT INTO `prefix` VALUES ('lav,luv,lu,lau', '冲洗', NULL, 7, 288, NULL);
INSERT INTO `prefix` VALUES ('ex', '前任的，以前的', 'ex-mayor前任市长', 5, 289, NULL);
INSERT INTO `prefix` VALUES ('in', '内，入', 'inbreak入侵', 5, 290, NULL);
INSERT INTO `prefix` VALUES ('pro', '向前，在前', 'prologue序言', 5, 291, NULL);
INSERT INTO `prefix` VALUES ('se', '分开，离开', 'secede退出', 5, 292, NULL);
INSERT INTO `prefix` VALUES ('a', '含in,at等意义', 'asleep在熟睡中', 5, 294, NULL);
INSERT INTO `prefix` VALUES ('a', '加强意义', 'aloud高声地', 9, 295, NULL);
INSERT INTO `prefix` VALUES ('ap', '加强或引申意义', 'appraise评价', 9, 302, '用在p前');
INSERT INTO `prefix` VALUES ('an', '含at,to意思，加强意义', 'annotate注释', 9, 301, '用在n前');
INSERT INTO `prefix` VALUES ('ar', '含at,to意思，加强意义', 'arrange安排', 9, 303, '用在r前');
INSERT INTO `prefix` VALUES ('back', '反的，向后的', 'backstroke仰泳', 1, 304, NULL);
INSERT INTO `prefix` VALUES ('be', '在', 'below在...下面', 5, 306, NULL);
INSERT INTO `prefix` VALUES ('be', '加强及引申意义', 'befall降临，发生', 9, 307, NULL);
INSERT INTO `prefix` VALUES ('bene', '善，好', 'benediction祝福', 8, 308, NULL);
INSERT INTO `prefix` VALUES ('col', '加强或引申意义', 'collate校对', 9, 310, '用在l前');
INSERT INTO `prefix` VALUES ('com', '共同', 'combine联合，结合', 3, 311, '用在b,m,p前');
INSERT INTO `prefix` VALUES ('com', '加强或引申意义', 'commix混合', 9, 312, '用在b,m,p前');
INSERT INTO `prefix` VALUES ('con', '共同', 'concolorous同色的', 3, 313, NULL);
INSERT INTO `prefix` VALUES ('cor', '加强或引申意义', 'corrupt腐败，败坏', 9, 315, '用在r前');
INSERT INTO `prefix` VALUES ('counter', '反对，相反', 'counterattack反攻，反击', 1, 316, NULL);
INSERT INTO `prefix` VALUES ('de', '取消，除去，毁', 'deflower摧残，蹂躏', 1, 317, NULL);
INSERT INTO `prefix` VALUES ('de', '离开', 'depart离去', 5, 318, NULL);
INSERT INTO `prefix` VALUES ('de', '向下，降低', 'devaluate贬值', 3, 319, NULL);
INSERT INTO `prefix` VALUES ('de', '使成...', 'delimit划定界限', 9, 320, NULL);
INSERT INTO `prefix` VALUES ('dif', '分开，离，散', 'diffract分散', 5, 322, '用在f前');
INSERT INTO `prefix` VALUES ('dis', '取消，除去', 'disappear消失', 1, 323, NULL);
INSERT INTO `prefix` VALUES ('dis', '分开，离，散', 'distract分心', 5, 324, NULL);
INSERT INTO `prefix` VALUES ('e', '出，外', 'erupt喷出', 5, 326, NULL);
INSERT INTO `prefix` VALUES ('ef', '出，离去', 'efflux流出', 5, 327, '用在f前');
INSERT INTO `prefix` VALUES ('electro', '有关电的', 'electrograph电报', 7, 328, NULL);
INSERT INTO `prefix` VALUES ('em', '置...之内', 'embosom藏于胸中，怀抱', 5, 329, '用在b,m,p前');
INSERT INTO `prefix` VALUES ('em', '配以...', 'embroider镶边', 9, 330, '用在b,m,p前');
INSERT INTO `prefix` VALUES ('em', '致使...', 'empurple使发紫', 9, 331, '用在b,m,p前');
INSERT INTO `prefix` VALUES ('en', '置...之中', 'encage关入笼中', 5, 332, NULL);
INSERT INTO `prefix` VALUES ('en', '配以...', 'enchain用链锁住', 9, 333, NULL);
INSERT INTO `prefix` VALUES ('en', '致使...', 'enlarge使扩大，放大', 9, 334, NULL);
INSERT INTO `prefix` VALUES ('en', '加强意义', 'enregister登记', 9, 335, NULL);
INSERT INTO `prefix` VALUES ('every', '每，一', 'everyday每天', 6, 336, NULL);
INSERT INTO `prefix` VALUES ('ex', '外，出', 'excavate挖出，发掘', 5, 337, NULL);
INSERT INTO `prefix` VALUES ('ex', '使（做）...', 'expurgate使清洁', 9, 338, NULL);
INSERT INTO `prefix` VALUES ('for', '禁止，克制，离去', 'forgo放弃，作罢', 1, 339, NULL);
INSERT INTO `prefix` VALUES ('high', '高，大，主要', 'highway高速路', 3, 340, NULL);
INSERT INTO `prefix` VALUES ('il', '不，无，非', 'illegal非法的', 1, 341, '用在l前');
INSERT INTO `prefix` VALUES ('il', '使成...，加强意义', 'illuminate照耀', 9, 342, NULL);
INSERT INTO `prefix` VALUES ('im', '使成...，加强意义', 'imparadise使登天堂', 9, 343, '用在b,m,p前');
INSERT INTO `prefix` VALUES ('in', '使成...，加强意义', 'inflame燃烧', 9, 344, NULL);
INSERT INTO `prefix` VALUES ('inter', '互相', 'interview会见', 3, 345, NULL);
INSERT INTO `prefix` VALUES ('intro', '向内，入内', 'intromit插入', 5, 346, NULL);
INSERT INTO `prefix` VALUES ('ir', '向内，入', 'irrigate灌溉', 5, 347, '用在r前');
INSERT INTO `prefix` VALUES ('magni', '大，长', 'magnify扩大', 3, 348, '用于a前省i');
INSERT INTO `prefix` VALUES ('mega', '百万', 'megabyte兆字节', 6, 349, NULL);
INSERT INTO `prefix` VALUES ('micro', '微', 'microwave微波', 3, 351, NULL);
INSERT INTO `prefix` VALUES ('mid', '中', 'midsummer仲夏', 3, 352, NULL);
INSERT INTO `prefix` VALUES ('milli', '千，千分之一，毫', 'millipede千足虫', 6, 353, NULL);
INSERT INTO `prefix` VALUES ('mini', '小', 'minipark小型公园', 3, 354, NULL);
INSERT INTO `prefix` VALUES ('no', '无', 'nothing没事', 1, 355, NULL);
INSERT INTO `prefix` VALUES ('of', '逆，反，非，倒', 'offend触犯', 1, 356, '用在f前');
INSERT INTO `prefix` VALUES ('out', '过度，太甚', 'outdream做梦太多', 3, 357, NULL);
INSERT INTO `prefix` VALUES ('out', '外，出', 'outdoor户外的', 5, 358, NULL);
INSERT INTO `prefix` VALUES ('out', '除去', 'outcast开除的', 3, 359, NULL);
INSERT INTO `prefix` VALUES ('over', '在上，在外，从上', 'overbridge天桥', 5, 360, NULL);
INSERT INTO `prefix` VALUES ('over', '颠倒，反转', 'overthrow推翻', 1, 361, NULL);
INSERT INTO `prefix` VALUES ('para', '类似，准', 'parallel平行的', 3, 362, NULL);
INSERT INTO `prefix` VALUES ('para', '辅助，副', 'paramilitary辅助军事的', 3, 363, NULL);
INSERT INTO `prefix` VALUES ('para', '旁，靠近，外', 'parasite寄生虫', 5, 364, NULL);
INSERT INTO `prefix` VALUES ('para', '错误，伪', 'paradox似是而非', 2, 365, NULL);
INSERT INTO `prefix` VALUES ('para', '防，避开，保护', 'parasol遮阳伞', 7, 366, NULL);
INSERT INTO `prefix` VALUES ('para', '超过', 'paramount至上的', 3, 367, NULL);
INSERT INTO `prefix` VALUES ('per', '加强意义', 'perturb扰乱', 9, 368, NULL);
INSERT INTO `prefix` VALUES ('per', '过，高', 'perchloride高氯化物', 3, 369, NULL);
INSERT INTO `prefix` VALUES ('pro', '代理，代替', 'procurator代理人', 3, 371, NULL);
INSERT INTO `prefix` VALUES ('pro', '拥护，亲，赞成', 'pro-british亲英的', 3, 372, NULL);
INSERT INTO `prefix` VALUES ('re', '相反，反对', 'revolt造反', 1, 374, NULL);
INSERT INTO `prefix` VALUES ('sex', '六', 'sexto六开本', 6, 376, NULL);
INSERT INTO `prefix` VALUES ('some', '某', 'sometime某时', 7, 377, NULL);
INSERT INTO `prefix` VALUES ('stereo', '立体', 'stereosonic立体声的', 5, 378, NULL);
INSERT INTO `prefix` VALUES ('sub', '下', 'submarine海面下的', 5, 379, NULL);
INSERT INTO `prefix` VALUES ('sub', '次，亚，准，半', 'subtropics亚热带', 3, 380, NULL);
INSERT INTO `prefix` VALUES ('sub', '稍，略，微', 'subarid略干燥的', 3, 381, NULL);
INSERT INTO `prefix` VALUES ('sub', '副，分支，下级', 'subworker助手，副手', 3, 382, NULL);
INSERT INTO `prefix` VALUES ('sub', '接近', 'subarctic近北极圈的', 5, 383, NULL);
INSERT INTO `prefix` VALUES ('sub', '更进一层，再', 'sublet转租', 3, 384, NULL);
INSERT INTO `prefix` VALUES ('suc', '使成...', 'succeed成功', 9, 385, '用在c前');
INSERT INTO `prefix` VALUES ('suf', '使成...', 'suffocate窒息', 9, 386, '用在f前');
INSERT INTO `prefix` VALUES ('super', '超级，超', 'superpower超级大国', 3, 387, NULL);
INSERT INTO `prefix` VALUES ('tele', '远', 'telemetry远距离测量', 5, 390, NULL);
INSERT INTO `prefix` VALUES ('un', '向外', 'unbosom吐露', 5, 394, NULL);
INSERT INTO `prefix` VALUES ('under', '内', 'undershirt贴身内衣', 5, 395, '用于衣服');
INSERT INTO `prefix` VALUES ('under', '不足，少', 'underestimate估计不足', 3, 396, NULL);
INSERT INTO `prefix` VALUES ('under', '副，次', 'underking小王', 3, 397, NULL);
INSERT INTO `prefix` VALUES ('ana', '在旁边，错误，分开', 'analogy类似', 5, 400, '');

-- ----------------------------
-- Table structure for suffix
-- ----------------------------
DROP TABLE IF EXISTS `suffix`;
CREATE TABLE `suffix`  (
  `affix` varchar(255) CHARACTER SET utf8 COLLATE utf8_unicode_ci NOT NULL,
  `translation` varchar(255) CHARACTER SET utf8 COLLATE utf8_unicode_ci NULL DEFAULT NULL,
  `type` varchar(255) CHARACTER SET utf8 COLLATE utf8_unicode_ci NULL DEFAULT NULL,
  `category` int(11) NULL DEFAULT NULL,
  `id` int(11) NOT NULL AUTO_INCREMENT,
  `example` varchar(255) CHARACTER SET utf8 COLLATE utf8_unicode_ci NULL DEFAULT NULL,
  `note` varchar(255) CHARACTER SET utf8 COLLATE utf8_unicode_ci NULL DEFAULT NULL,
  PRIMARY KEY (`id`) USING BTREE
) ENGINE = MyISAM AUTO_INCREMENT = 473 CHARACTER SET = utf8 COLLATE = utf8_unicode_ci ROW_FORMAT = Dynamic;

-- ----------------------------
-- Records of suffix
-- ----------------------------
INSERT INTO `suffix` VALUES ('ic', '...的，...学、...术，与...有关的人', 'a./n.', NULL, 200, NULL, NULL);
INSERT INTO `suffix` VALUES ('ology', '...学', 'n.', 10, 201, 'biology生物学', NULL);
INSERT INTO `suffix` VALUES ('logy', '...学', 'n.', NULL, 202, NULL, NULL);
INSERT INTO `suffix` VALUES ('er', '从事...的人', 'n.', 10, 203, 'volunteer志愿者', NULL);
INSERT INTO `suffix` VALUES ('en', '有...性质的，似...的', NULL, 12, 465, 'golden金色的', NULL);
INSERT INTO `suffix` VALUES ('ess', '表女性，雌性', NULL, 10, 466, 'hostess女主人', NULL);
INSERT INTO `suffix` VALUES ('logist', '…学者，研究者，某一学科的专家', 'n.', NULL, 204, NULL, NULL);
INSERT INTO `suffix` VALUES ('e', '人，物', 'v./n.', NULL, 205, NULL, NULL);
INSERT INTO `suffix` VALUES ('ment', '行为、状态、性质', 'n.', 10, 206, 'movement运动', NULL);
INSERT INTO `suffix` VALUES ('or', '人，与er一样，还带有其他拉丁词尾成份，常见的形态有-ator,-itor等，可将它们看作-or 的异体。', 'n.', NULL, 207, NULL, NULL);
INSERT INTO `suffix` VALUES ('ship', '情况，关系、身份，资格', 'n.', 10, 208, 'hardship困难', NULL);
INSERT INTO `suffix` VALUES ('ator', '做…工作的人或物', 'n.', NULL, 209, NULL, NULL);
INSERT INTO `suffix` VALUES ('ial', '属于…的,有…性质的,具有…的', 'a./n.', NULL, 210, NULL, NULL);
INSERT INTO `suffix` VALUES ('able', '可...的', 'a.', 12, 211, 'inflammable易燃的', NULL);
INSERT INTO `suffix` VALUES ('mate', NULL, 'v./n.', NULL, 212, NULL, NULL);
INSERT INTO `suffix` VALUES ('ate', '做，造成', 'v.', 11, 214, 'activate激活', NULL);
INSERT INTO `suffix` VALUES ('y', '抽象名词', 'n.', NULL, 215, NULL, NULL);
INSERT INTO `suffix` VALUES ('ize', '以...方式对待，...化', 'v.', 11, 216, 'realize实现', NULL);
INSERT INTO `suffix` VALUES ('ist', '表示...主义的', '', 12, 217, NULL, NULL);
INSERT INTO `suffix` VALUES ('ist', '从事...工作的人', NULL, 10, 468, 'socialist社会主义者', NULL);
INSERT INTO `suffix` VALUES ('al', '行为', 'n.', 10, 218, 'withdrawal撤退', '抽象');
INSERT INTO `suffix` VALUES ('d', NULL, 'a.', NULL, 219, NULL, NULL);
INSERT INTO `suffix` VALUES ('er', '物品，机器', 'n.', 10, 220, 'washer洗衣机', NULL);
INSERT INTO `suffix` VALUES ('age', '场所，地点', 'n.', 10, 221, 'orphanage孤儿院', NULL);
INSERT INTO `suffix` VALUES ('ous', '性质、状态、方式、程度', 'a.', 12, 222, 'dangerous危险的', NULL);
INSERT INTO `suffix` VALUES ('ly', '性质、状态、方式、程度', 'ad.', NULL, 223, NULL, NULL);
INSERT INTO `suffix` VALUES ('an', '属于...的', 'a.', 12, 224, 'metropolitan大都市的', NULL);
INSERT INTO `suffix` VALUES ('ological,logical', '…学的,有关…学科的', 'a.', NULL, 225, NULL, NULL);
INSERT INTO `suffix` VALUES ('ism', '表示...主义，行为，...学，...派', 'n.', 10, 226, 'realism现实主义', NULL);
INSERT INTO `suffix` VALUES ('istic', '属于…的,有…性质的,关于…的,…主', 'a.', NULL, 227, NULL, NULL);
INSERT INTO `suffix` VALUES ('et', '小、组或组合', 'n.', NULL, 228, NULL, NULL);
INSERT INTO `suffix` VALUES ('on', '人，物、物质、化学名词', 'n.', NULL, 229, NULL, NULL);
INSERT INTO `suffix` VALUES ('el', '小', 'n.', NULL, 230, NULL, NULL);
INSERT INTO `suffix` VALUES ('us', NULL, 'n.', NULL, 231, NULL, NULL);
INSERT INTO `suffix` VALUES ('ear', NULL, 'a./n.', NULL, 232, NULL, NULL);
INSERT INTO `suffix` VALUES ('ation', NULL, 'n.', NULL, 437, NULL, NULL);
INSERT INTO `suffix` VALUES ('ite', '人，物', 'n.', NULL, 234, NULL, NULL);
INSERT INTO `suffix` VALUES ('o', '音乐术语及乐器名称、人、物和音乐术语', 'n.', NULL, 235, NULL, NULL);
INSERT INTO `suffix` VALUES ('dom', '表示状态、质量、位置、地点、行为', 'n.', 10, 236, 'freedom自由', '抽象');
INSERT INTO `suffix` VALUES ('oid', '似…的；...形，...体', 'a./n.', NULL, 237, NULL, NULL);
INSERT INTO `suffix` VALUES ('let', '小，微小，在…佩带的小饰物', 'n.', NULL, 238, NULL, NULL);
INSERT INTO `suffix` VALUES ('ia', '疾病名称,动植物名称及类别,抽象与集合', 'n.', NULL, 239, NULL, NULL);
INSERT INTO `suffix` VALUES ('itic', NULL, 'a.', NULL, 240, NULL, NULL);
INSERT INTO `suffix` VALUES ('fy,efy,ify', 'to make ～(使成为；使...化）。to become ～（成为...）', 'v.', 11, 241, 'None', 'None');
INSERT INTO `suffix` VALUES ('ter', '更', NULL, 12, 471, '', '');
INSERT INTO `suffix` VALUES ('tim', '最', NULL, 13, 472, '', '');
INSERT INTO `suffix` VALUES ('itude', '表示情况、性质、状态、事物', 'n.', NULL, 242, NULL, NULL);
INSERT INTO `suffix` VALUES ('escence', '开始、正在、逐渐形成某种状态', 'n.', NULL, 243, NULL, NULL);
INSERT INTO `suffix` VALUES ('escent', '开始、正在、逐渐成为某种状态的', 'a.', NULL, 244, NULL, NULL);
INSERT INTO `suffix` VALUES ('ry', '...行业；...行为；...地点;...的集合体', 'n.', NULL, 245, NULL, NULL);
INSERT INTO `suffix` VALUES ('ition', '情况、状态,行为、行为的过程或结果', 'n.', NULL, 246, NULL, NULL);
INSERT INTO `suffix` VALUES ('itive', '…性质,能…的,具有…的,有…性质的', 'a.', NULL, 247, NULL, NULL);
INSERT INTO `suffix` VALUES ('end', '物/ 数字/ 器物', 'n.', NULL, 248, NULL, NULL);
INSERT INTO `suffix` VALUES ('um', '描述', 'n.', NULL, 249, NULL, NULL);
INSERT INTO `suffix` VALUES ('ent', '可以加缀在动词或动词词根后，构成相应的形容词或表示行为者的名词。\n\n  1)充当形容词后缀时，意为that ～s（...的作用），其作用相当于英语的现在分词词尾-ing（...的），此类形容词往往有对应的以-ence或-ency结尾的表行为的名词。\n\n  2）-ent 作为名词后缀时，意为one that ～s （...者）,即表示该行为的主动者。\n\n  3）-ent 作为名词后缀时，表示物，意思为...物，...药。', 'a.', NULL, 250, NULL, NULL);
INSERT INTO `suffix` VALUES ('ee', '表动作的承受者', 'n.', 10, 251, 'employee雇员', NULL);
INSERT INTO `suffix` VALUES ('id', '比如，关于', 'a.', NULL, 252, NULL, NULL);
INSERT INTO `suffix` VALUES ('idity', NULL, 'n.', NULL, 253, NULL, NULL);
INSERT INTO `suffix` VALUES ('arium', '场所、地点', 'n.', 10, 254, 'planetarium天文馆', NULL);
INSERT INTO `suffix` VALUES ('ast', '人', 'n.', 10, 256, 'enthusiast热心者', NULL);
INSERT INTO `suffix` VALUES ('ics', '...学,...术', 'n.', NULL, 257, NULL, NULL);
INSERT INTO `suffix` VALUES ('ency,ence', '抽象名词', 'n.', NULL, 258, NULL, NULL);
INSERT INTO `suffix` VALUES ('fy', '使变成...', 'v.', 11, 436, 'None', 'None');
INSERT INTO `suffix` VALUES ('ity,iti', NULL, 'n.', NULL, 259, NULL, NULL);
INSERT INTO `suffix` VALUES ('zen', '人', 'n.', NULL, 260, NULL, NULL);
INSERT INTO `suffix` VALUES ('ility,icity', '表示性质、状态、情况', 'n.', NULL, 261, NULL, NULL);
INSERT INTO `suffix` VALUES ('iz', NULL, 'v.', NULL, 262, NULL, NULL);
INSERT INTO `suffix` VALUES ('est', '最高级，最…的，地', NULL, NULL, 264, NULL, NULL);
INSERT INTO `suffix` VALUES ('nna', NULL, 'n.', NULL, 265, NULL, NULL);
INSERT INTO `suffix` VALUES ('lope', '大步走', NULL, NULL, 266, NULL, NULL);
INSERT INTO `suffix` VALUES ('ary', '属于…的、有…性质的', '', 12, 267, 'customary习惯的', NULL);
INSERT INTO `suffix` VALUES ('ness', '表示性质、情况、状态。', 'n.', 10, 268, 'darkness黑暗', '抽象');
INSERT INTO `suffix` VALUES ('ed', '1、加在名词后：有...的；\n2、加在动词后：已...的，被...的', 'a.', NULL, 269, NULL, NULL);
INSERT INTO `suffix` VALUES ('ade', '行为', 'n.', 10, 270, 'blockade封锁', NULL);
INSERT INTO `suffix` VALUES ('ier', '表示人或物', 'n.', NULL, 271, NULL, NULL);
INSERT INTO `suffix` VALUES ('and', NULL, 'n.', NULL, 272, NULL, NULL);
INSERT INTO `suffix` VALUES ('ish', '如...的、似...的、有...的性质的。', 'a.', 12, 273, 'childish幼稚的', NULL);
INSERT INTO `suffix` VALUES ('ine', '比如，与质量有关的', 'a./n.', NULL, 274, NULL, NULL);
INSERT INTO `suffix` VALUES ('ion', '情况，状态，性质，行为', 'n.', 10, 275, 'fashion时尚', '抽象');
INSERT INTO `suffix` VALUES ('tron', '管', 'n.', NULL, 276, NULL, NULL);
INSERT INTO `suffix` VALUES ('eous,uous', NULL, 'a.', NULL, 277, NULL, NULL);
INSERT INTO `suffix` VALUES ('osis', '疾病', 'n.', NULL, 278, NULL, NULL);
INSERT INTO `suffix` VALUES ('ar', '属于…的、有…性质的', '', 12, 279, 'consular领事的', NULL);
INSERT INTO `suffix` VALUES ('lent', '多...的', NULL, NULL, 280, NULL, NULL);
INSERT INTO `suffix` VALUES ('se', NULL, 'n.', NULL, 281, NULL, NULL);
INSERT INTO `suffix` VALUES ('l', '形似', NULL, NULL, 282, NULL, NULL);
INSERT INTO `suffix` VALUES ('ose', '糖、碳水化合物,充满…的、如…的、多', 'n.', NULL, 283, NULL, NULL);
INSERT INTO `suffix` VALUES ('ule', '小', NULL, NULL, 284, NULL, NULL);
INSERT INTO `suffix` VALUES ('ey', NULL, NULL, NULL, 285, NULL, NULL);
INSERT INTO `suffix` VALUES ('our', '地方', 'n.', NULL, 286, NULL, NULL);
INSERT INTO `suffix` VALUES ('arian', '人', '', 10, 287, 'parliamentarian国会议员（的）', '兼形容词');
INSERT INTO `suffix` VALUES ('ance', '状态、情况、性质、行为', 'n.', 10, 288, 'buoyance浮力', '抽象');
INSERT INTO `suffix` VALUES ('ure', '行为，事物；状态、行为，行为的结果、情况等', 'v./n.', NULL, 289, NULL, NULL);
INSERT INTO `suffix` VALUES ('ible', '能被…的,具有…性质的,易于,可', 'a.', NULL, 290, NULL, NULL);
INSERT INTO `suffix` VALUES ('ibility,ability', '可...性、易...性、可...', 'n.', NULL, 291, NULL, NULL);
INSERT INTO `suffix` VALUES ('acious', '有...性质的，多...的', 'a.', 12, 292, 'sagacious聪明的', NULL);
INSERT INTO `suffix` VALUES ('acity', '性质', 'n.', 10, 293, 'veracity诚实，真实', '抽象');
INSERT INTO `suffix` VALUES ('ing', '行为，行为的产生，...学，总称及材料', 'a.', NULL, 294, NULL, NULL);
INSERT INTO `suffix` VALUES ('ive', '有...性质的，有...作用的，属于...的', 'a.', 12, 295, 'active积极的', '抽象');
INSERT INTO `suffix` VALUES ('ity', '抽象名词', NULL, NULL, 431, NULL, NULL);
INSERT INTO `suffix` VALUES ('ate', '人', 'n.', 10, 432, 'graduate毕业生', '厚道，带褒义');
INSERT INTO `suffix` VALUES ('ature', NULL, 'n.', NULL, 296, NULL, NULL);
INSERT INTO `suffix` VALUES ('some', '像...的，引起...的', 'a.', 12, 297, 'troublesome麻烦的', NULL);
INSERT INTO `suffix` VALUES ('wards', '表方向', NULL, 13, 469, 'upwards向上地', NULL);
INSERT INTO `suffix` VALUES ('aneous', '有...性质的', 'a.', 12, 298, 'subterraneous地下的', NULL);
INSERT INTO `suffix` VALUES ('ory', '主要与动词或动词词根相结合，它可兼作名词后缀与形容词后缀。\n \n  1）作为名词后缀，-ory主要表示a place of ～ing（做...的场所）。有时，还表示a thing used for ～ing（作...用之物）。\n\n  2)作为形容词后缀，意思较为复杂，可以表示～ing（...行为的），characterzied by ～ing（以...行为为特点的），serving or tending to ～（有助于...的）。-ory 的异体有-atory。', 'a.', NULL, 299, NULL, NULL);
INSERT INTO `suffix` VALUES ('ful', '充满...的、易于...、可...的、富有...的、具有...的', 'a.', 12, 300, 'cupful满满的', NULL);
INSERT INTO `suffix` VALUES ('ile,il,eel', '表示物，易于…的', 'n./a.', NULL, 301, NULL, NULL);
INSERT INTO `suffix` VALUES ('acle', '构成实物名词及抽象名词，表示“物”', 'n.', 10, 302, 'manacle手铐', NULL);
INSERT INTO `suffix` VALUES ('ium', NULL, 'n.', NULL, 303, NULL, NULL);
INSERT INTO `suffix` VALUES ('ie', '人', 'n.', NULL, 304, NULL, NULL);
INSERT INTO `suffix` VALUES ('und', NULL, 'a.', NULL, 306, NULL, NULL);
INSERT INTO `suffix` VALUES ('a', '构成复数名词', 'n.', 10, 307, 'stadia体育馆', '单数以um结尾');
INSERT INTO `suffix` VALUES ('ilian', '像...', 'a.', NULL, 308, NULL, NULL);
INSERT INTO `suffix` VALUES ('itious,ious', NULL, 'a.', NULL, 309, NULL, NULL);
INSERT INTO `suffix` VALUES ('ulous', NULL, 'a.', NULL, 310, NULL, NULL);
INSERT INTO `suffix` VALUES ('ony', NULL, 'n.', NULL, 311, NULL, NULL);
INSERT INTO `suffix` VALUES ('oni', NULL, 'n.', NULL, 312, NULL, NULL);
INSERT INTO `suffix` VALUES ('tiff', NULL, 'n.', NULL, 313, NULL, NULL);
INSERT INTO `suffix` VALUES ('t', NULL, 'n.', NULL, 314, NULL, NULL);
INSERT INTO `suffix` VALUES ('ant', '属于...的', '', 12, 315, 'luxuriant奢华的', NULL);
INSERT INTO `suffix` VALUES ('itan', NULL, NULL, NULL, 316, NULL, NULL);
INSERT INTO `suffix` VALUES ('atory', '有...性质的、属于...的,表示场所、地', 'n./a.', NULL, 317, NULL, NULL);
INSERT INTO `suffix` VALUES ('etto', '小', NULL, NULL, 318, NULL, NULL);
INSERT INTO `suffix` VALUES ('hazard', '骰子游戏', NULL, NULL, 319, NULL, NULL);
INSERT INTO `suffix` VALUES ('ority', NULL, NULL, NULL, 320, NULL, NULL);
INSERT INTO `suffix` VALUES ('ultra', '超', NULL, NULL, 321, NULL, NULL);
INSERT INTO `suffix` VALUES ('ability', '可...性', NULL, 10, 440, 'dependability可靠性', NULL);
INSERT INTO `suffix` VALUES ('ician', '精通者,专家、能手或从事某种职业的', 'n.', NULL, 323, NULL, NULL);
INSERT INTO `suffix` VALUES ('estic', NULL, 'a.', NULL, 324, NULL, NULL);
INSERT INTO `suffix` VALUES ('dome', '领域', 'n.', NULL, 325, NULL, NULL);
INSERT INTO `suffix` VALUES ('form', '有...形状的、似...形状的', 'a.', NULL, 326, NULL, NULL);
INSERT INTO `suffix` VALUES ('fic,ific', '致...的,令...的,产生...的', 'a.', NULL, 327, NULL, NULL);
INSERT INTO `suffix` VALUES ('duc(t)', '引导', NULL, NULL, 328, NULL, NULL);
INSERT INTO `suffix` VALUES ('less', '无...的', 'a.', 12, 329, 'useless无效的', NULL);
INSERT INTO `suffix` VALUES ('esce', '动作开始或正在进行', 'a.', NULL, 330, NULL, NULL);
INSERT INTO `suffix` VALUES ('ude', NULL, 'n.', NULL, 331, NULL, NULL);
INSERT INTO `suffix` VALUES ('oma', '肿瘤', 'n.', NULL, 332, NULL, NULL);
INSERT INTO `suffix` VALUES ('ward', '表方向', '', 12, 333, 'upward向上的', NULL);
INSERT INTO `suffix` VALUES ('ique', NULL, 'n.', NULL, 334, NULL, NULL);
INSERT INTO `suffix` VALUES ('zation', '...化', 'n.', NULL, 335, NULL, NULL);
INSERT INTO `suffix` VALUES ('fication', '形成...,做..., ...化,使成为…', 'n.', NULL, 336, NULL, NULL);
INSERT INTO `suffix` VALUES ('eur', '表示“人”、“抽象名词”、“物”', 'n.', NULL, 337, NULL, NULL);
INSERT INTO `suffix` VALUES ('atim', NULL, 'av.', NULL, 338, NULL, NULL);
INSERT INTO `suffix` VALUES ('atize', NULL, 'v.', NULL, 339, NULL, NULL);
INSERT INTO `suffix` VALUES ('one', '化学相关', 'n.', NULL, 340, NULL, NULL);
INSERT INTO `suffix` VALUES ('itis', '炎症', 'n.', NULL, 341, NULL, NULL);
INSERT INTO `suffix` VALUES ('icle', '小', NULL, NULL, 342, NULL, NULL);
INSERT INTO `suffix` VALUES ('ain', '人', '', 10, 343, 'chieftain酋长，头子', NULL);
INSERT INTO `suffix` VALUES ('agogue,agog', NULL, 'a.', NULL, 344, NULL, NULL);
INSERT INTO `suffix` VALUES ('age', '费用', NULL, 10, 445, 'postage邮资', NULL);
INSERT INTO `suffix` VALUES ('aemia,haemia,emia,hemia', '血液中的物质，尤指过量的', NULL, 10, 347, NULL, NULL);
INSERT INTO `suffix` VALUES ('agra', '疼痛', NULL, NULL, 348, NULL, NULL);
INSERT INTO `suffix` VALUES ('aceae', '...科', NULL, 10, 349, NULL, NULL);
INSERT INTO `suffix` VALUES ('acea', '动物族群，动物纲名', NULL, NULL, 350, NULL, NULL);
INSERT INTO `suffix` VALUES ('mony', '行为的状态，情况，动作，性质及其它', 'n.', NULL, 351, NULL, NULL);
INSERT INTO `suffix` VALUES ('ac,iac', '有…的,与...有关的', 'a.', NULL, 352, NULL, NULL);
INSERT INTO `suffix` VALUES ('esque,ique', '如…的,…式的,…似的,…派的', 'a.', NULL, 353, NULL, NULL);
INSERT INTO `suffix` VALUES ('le,l,el', '反复,小,动作的结果或做动作时使；人，物，场所、地点', NULL, NULL, 354, NULL, NULL);
INSERT INTO `suffix` VALUES ('ior', '表示人，比较', 'n./a.', NULL, 355, NULL, NULL);
INSERT INTO `suffix` VALUES ('ization', '...化', 'n.', NULL, 356, NULL, NULL);
INSERT INTO `suffix` VALUES ('ivity', '表示情况、状态、...性、...力', 'n.', NULL, 357, NULL, NULL);
INSERT INTO `suffix` VALUES ('ister', '…者,…家', 'n.', NULL, 358, NULL, NULL);
INSERT INTO `suffix` VALUES ('itor', '表示人', 'n.', NULL, 359, NULL, NULL);
INSERT INTO `suffix` VALUES ('istical', '属于…的，有…性质的，具有…的', 'a.', NULL, 360, NULL, NULL);
INSERT INTO `suffix` VALUES ('it', '表示人和抽象名词', 'n.', NULL, 361, NULL, NULL);
INSERT INTO `suffix` VALUES ('fier', '做...的人或物,使成...的人或物', 'n.', NULL, 362, NULL, NULL);
INSERT INTO `suffix` VALUES ('faction', '情况,作用,行为,行为的结果或状态', 'n.', NULL, 363, NULL, NULL);
INSERT INTO `suffix` VALUES ('eth', '第…十,…十分之一', 'a./n.', NULL, 364, NULL, NULL);
INSERT INTO `suffix` VALUES ('etic', '属于...的、有...性质的、关于...的', 'a.', NULL, 365, NULL, NULL);
INSERT INTO `suffix` VALUES ('enne', '人(一般也指女性)', 'n.', NULL, 366, NULL, NULL);
INSERT INTO `suffix` VALUES ('ative', '...性质的、与...有关的、有...倾向的', 'a.', NULL, 367, NULL, NULL);
INSERT INTO `suffix` VALUES ('aneity', '性质、状态、情况', 'n.', 10, 368, 'contemporaneity同时代', '抽象');
INSERT INTO `suffix` VALUES ('atic', '有...性质的,属于...的,具有...的', 'a.', NULL, 369, NULL, NULL);
INSERT INTO `suffix` VALUES ('ally', '方式，程度，状态', NULL, 13, 452, 'conditionally有条件地', NULL);
INSERT INTO `suffix` VALUES ('ality', '表示状态、情况、性质、...性', 'n.', 10, 371, 'technicality技术性', '抽象');
INSERT INTO `suffix` VALUES ('s', '表示时间、地点、方式、状态', 'av.', NULL, 372, NULL, NULL);
INSERT INTO `suffix` VALUES ('i', '属于某地方的或某国的人或语言', NULL, NULL, 373, NULL, NULL);
INSERT INTO `suffix` VALUES ('ce', '...次 , 自... , 从... , 次数', 'av.', NULL, 374, NULL, NULL);
INSERT INTO `suffix` VALUES ('aster', '人', 'n.', 10, 375, 'medicaster江湖医生', '卑称');
INSERT INTO `suffix` VALUES ('ibly', '可...地，...地，易...地', 'av.', NULL, 376, NULL, NULL);
INSERT INTO `suffix` VALUES ('ably', '可...地', 'av.', 13, 377, 'suitably合适地', NULL);
INSERT INTO `suffix` VALUES ('most', '最...的', 'a.', NULL, 378, NULL, NULL);
INSERT INTO `suffix` VALUES ('tic', '…的，属于…的，与…有关的，有…性', 'a.', NULL, 379, NULL, NULL);
INSERT INTO `suffix` VALUES ('nik', '...的人、...迷', 'n.', NULL, 380, NULL, NULL);
INSERT INTO `suffix` VALUES ('tion,sion', '行为的过程,结果,情况,性质,状况', 'n.', NULL, 381, NULL, NULL);
INSERT INTO `suffix` VALUES ('proof', '防...的，不透...的', 'a.', NULL, 382, NULL, NULL);
INSERT INTO `suffix` VALUES ('ical', '...的,属于…的,有…性质的,具有…的', 'a.', NULL, 383, NULL, NULL);
INSERT INTO `suffix` VALUES ('ise,ice,ize', '性质,行为,情况', 'n.', NULL, 384, NULL, NULL);
INSERT INTO `suffix` VALUES ('cy', '性质，级别，状态，行为，职权，职务', 'n.', NULL, 385, NULL, NULL);
INSERT INTO `suffix` VALUES ('ace', '表示“抽象概念或地点”', 'n.', NULL, 386, NULL, NULL);
INSERT INTO `suffix` VALUES ('ern', '方位、场所或地点,…的、如…的、世界', 'n./a.', NULL, 387, NULL, NULL);
INSERT INTO `suffix` VALUES ('ual', '…的,属于…的,与…有关的,具有…的', 'a.', NULL, 388, NULL, NULL);
INSERT INTO `suffix` VALUES ('igo', '疾病名词', 'n.', NULL, 389, NULL, NULL);
INSERT INTO `suffix` VALUES ('ie,y', '小', NULL, NULL, 390, NULL, NULL);
INSERT INTO `suffix` VALUES ('ock', '小', NULL, NULL, 391, NULL, NULL);
INSERT INTO `suffix` VALUES ('escency', '开始、正在、逐渐形成某种状态', 'n.', NULL, 392, NULL, NULL);
INSERT INTO `suffix` VALUES ('osity', '动作，性质，状态，情况', 'n.', NULL, 393, NULL, NULL);
INSERT INTO `suffix` VALUES ('ling', '小,与某事物(或情况)有关的人或生物', NULL, NULL, 394, NULL, NULL);
INSERT INTO `suffix` VALUES ('kin', '小,微,矮,微小', 'n.', NULL, 395, NULL, NULL);
INSERT INTO `suffix` VALUES ('like', '似…的,像...样的，喜欢...的', 'a.', 12, 396, 'dreamlike梦幻般的', NULL);
INSERT INTO `suffix` VALUES ('ette,etta,etto', '小或微小,女性、组或组合', 'n.', NULL, 397, NULL, NULL);
INSERT INTO `suffix` VALUES ('en', '使变成...', 'v.', 11, 398, 'harden变硬', NULL);
INSERT INTO `suffix` VALUES ('ster', '人', 'n.', 10, 399, 'youngster年轻人', NULL);
INSERT INTO `suffix` VALUES ('man,sman', '人', 'n.', NULL, 400, NULL, NULL);
INSERT INTO `suffix` VALUES ('iff', '表示“人”', 'n.', NULL, 401, NULL, NULL);
INSERT INTO `suffix` VALUES ('herd', '管理家畜的人', 'n.', NULL, 402, NULL, NULL);
INSERT INTO `suffix` VALUES ('trix,rix,ress,ess', '女性 ( 人 )', 'n.', NULL, 403, NULL, NULL);
INSERT INTO `suffix` VALUES ('asm', '性质', NULL, 10, 462, 'sarcasm讥讽', '抽象');
INSERT INTO `suffix` VALUES ('ese', '表示某国或某地的人及语言，某派的文', 'n.', NULL, 405, NULL, NULL);
INSERT INTO `suffix` VALUES ('err', '从事…的人', 'n.', NULL, 406, NULL, NULL);
INSERT INTO `suffix` VALUES ('an', '人', '', 10, 407, 'publican旅店老板', NULL);
INSERT INTO `suffix` VALUES ('aire', '人', 'n.', 10, 408, 'millionaire百万富翁', NULL);
INSERT INTO `suffix` VALUES ('fold', '…倍的、…程度的,倍或重', 'a./av.', NULL, 409, NULL, NULL);
INSERT INTO `suffix` VALUES ('ot', '人，物', 'n.', NULL, 410, NULL, NULL);
INSERT INTO `suffix` VALUES ('oon', '人，物，大', NULL, NULL, 411, NULL, NULL);
INSERT INTO `suffix` VALUES ('ular', '似...形状的、有...性质的、属于...的', 'a.', NULL, 412, NULL, NULL);
INSERT INTO `suffix` VALUES ('way,ways', '表示方向、方式、 状态、位置', NULL, NULL, 413, NULL, NULL);
INSERT INTO `suffix` VALUES ('yer', '与...有关的人', 'n.', NULL, 414, NULL, NULL);
INSERT INTO `suffix` VALUES ('otic', '变态的、受之苦的、受影响、形成或增加的、状态或情况的等', 'a.', NULL, 415, NULL, NULL);
INSERT INTO `suffix` VALUES ('ery', '抽象名词以及所有名词后缀ery意为\"state,quality,act,place where\"。后缀-ery来源于法语，主要充当派生后缀，可以加在两类单词后面：\n  1）加在动词后面表示 a place for ～ing (做...的场所）\n  2）加在名词后面，这时-ery意思比较复杂，它可以表示a place for ～ing (做...的场所）；the art or occupation of a  ～  (...的技艺）；a group of ～s（...的群休或集体）。', NULL, NULL, 416, NULL, NULL);
INSERT INTO `suffix` VALUES ('hood', '身份，状况，性质', NULL, 10, 417, 'neighborhood邻居', NULL);
INSERT INTO `suffix` VALUES ('ify', '使成...，使...化', NULL, 11, 467, 'magnify放大', 'None');
INSERT INTO `suffix` VALUES ('ity,ty,ety', '而-ity只与形容词或形容词词根相缀合，构成名词，表示具有某种特征的状态、性质或事实，其意思相当于the condition,quality or fact of being～。除了与单纯的形容词或词根相结合，-ity还经常加在某些带形容词后缀的单词上。所以，常常可以看到“形容词后缀+-ity”的复合形式，如-acity,-ality,-anity,-arity,-ability（=-able + -ity),-ibility(=-ible + -ity),-idity,-ility(= -ile + -', NULL, NULL, 418, NULL, NULL);
INSERT INTO `suffix` VALUES ('or,our', '...的行为、状态、性质或特征', NULL, NULL, 419, NULL, NULL);
INSERT INTO `suffix` VALUES ('th', '...的行为或过程', NULL, NULL, 420, NULL, NULL);
INSERT INTO `suffix` VALUES ('wise', '派生后缀-wise 来自古英语名词wise(方法、方式），它可以加在形容词、名词或动词后面构成方式副词，表示in a ～manner或in a ～ing manner（以...的方式）；like a ～(像...的）；in the direction of～(朝...的方向）；in the ～respect（在...方面）等意思。在现代英语中，-wise的最后一种含义用得比较多，并因此变成相当活跃的能产型词缀，这是它往往通过连字符加缀在名词上', NULL, NULL, 421, NULL, NULL);
INSERT INTO `suffix` VALUES ('y', '有...的，多...的', 'a.', NULL, 422, NULL, NULL);
INSERT INTO `suffix` VALUES ('acy', '性质，品质、状态、行为、地位', NULL, 10, 423, 'failacy谬误', '抽象');
INSERT INTO `suffix` VALUES ('cian', '人', NULL, NULL, 424, NULL, NULL);
INSERT INTO `suffix` VALUES ('ane', NULL, NULL, NULL, 425, NULL, NULL);
INSERT INTO `suffix` VALUES ('ian', '在某方面有着执着兴趣的人', NULL, NULL, 426, NULL, NULL);
INSERT INTO `suffix` VALUES ('cle,cule', '小', NULL, NULL, 427, NULL, NULL);
INSERT INTO `suffix` VALUES ('osis,esis', '状态、质量、行为', NULL, NULL, 428, NULL, NULL);
INSERT INTO `suffix` VALUES ('ture', '表示行为、行为的结果以及与行为有关之物', NULL, NULL, 429, NULL, NULL);
INSERT INTO `suffix` VALUES ('tude', '状态、质量、行为', NULL, NULL, 430, NULL, NULL);
INSERT INTO `suffix` VALUES ('ard', '人', NULL, 10, 433, 'bastard私生子', '贬义');
INSERT INTO `suffix` VALUES ('ia', '通过，桥梁，重大疾病', NULL, NULL, 434, NULL, NULL);
INSERT INTO `suffix` VALUES ('al', '具有...性质的', 'a.', 12, 435, 'continental大陆的', NULL);
INSERT INTO `suffix` VALUES ('‘s', '所有格', '', 12, 438, 'today\'s今日的', NULL);
INSERT INTO `suffix` VALUES ('\'s', '店铺', '', 10, 439, 'greengrocer\'s菜场', NULL);
INSERT INTO `suffix` VALUES ('aceous', '有...性质的', NULL, 12, 441, 'carbonaceous含碳的', NULL);
INSERT INTO `suffix` VALUES ('ade', '物', NULL, 10, 442, 'lemonade柠檬水', NULL);
INSERT INTO `suffix` VALUES ('ade', '人和集体', NULL, 10, 443, 'cavalcade骑兵队', NULL);
INSERT INTO `suffix` VALUES ('age', '集合名词', NULL, 10, 444, 'foliage叶子', NULL);
INSERT INTO `suffix` VALUES ('age', '行为', NULL, 10, 446, 'pilgramage朝圣', NULL);
INSERT INTO `suffix` VALUES ('age', '状态，身份', NULL, 10, 447, 'reportage报告文学', NULL);
INSERT INTO `suffix` VALUES ('age', '物', NULL, 10, 448, 'carriage马车', NULL);
INSERT INTO `suffix` VALUES ('aire', '物', NULL, 10, 449, 'questionaire调查问卷', NULL);
INSERT INTO `suffix` VALUES ('al', '人', NULL, 10, 450, 'rival竞争者', NULL);
INSERT INTO `suffix` VALUES ('al', '物', NULL, 10, 451, 'manual手册', NULL);
INSERT INTO `suffix` VALUES ('ancy', '状态、情况、性质、行为', NULL, 10, 453, 'elegancy优美，高雅', '抽象');
INSERT INTO `suffix` VALUES ('ant', '人', NULL, 10, 454, 'participant参与者', NULL);
INSERT INTO `suffix` VALUES ('ant', '物', NULL, 10, 455, 'excitant兴奋剂', NULL);
INSERT INTO `suffix` VALUES ('ar', '人', NULL, 10, 456, 'liar说谎的人', NULL);
INSERT INTO `suffix` VALUES ('ar', '物', NULL, 10, 457, 'altar祭坛', NULL);
INSERT INTO `suffix` VALUES ('arily', '有...性质地', NULL, 13, 458, 'extraordinarily不寻常地', NULL);
INSERT INTO `suffix` VALUES ('ary', '场所', NULL, 10, 459, 'apiary养蜂场', NULL);
INSERT INTO `suffix` VALUES ('ary', '人', NULL, 10, 460, 'secretary书记，秘书', NULL);
INSERT INTO `suffix` VALUES ('ary', '物', NULL, 10, 461, 'glossary词汇表', NULL);
INSERT INTO `suffix` VALUES ('ate', '有...性质的', NULL, 12, 463, 'private私人的', NULL);
INSERT INTO `suffix` VALUES ('ate', '职位，职权', NULL, 10, 464, 'professoriate教授职位', NULL);

-- ----------------------------
-- Table structure for wordroot
-- ----------------------------
DROP TABLE IF EXISTS `wordroot`;
CREATE TABLE `wordroot`  (
  `wordroot` varchar(255) CHARACTER SET utf8 COLLATE utf8_unicode_ci NOT NULL,
  `translation` varchar(255) CHARACTER SET utf8 COLLATE utf8_unicode_ci NULL DEFAULT NULL,
  `mean` varchar(255) CHARACTER SET utf8 COLLATE utf8_unicode_ci NULL DEFAULT NULL,
  `category` int(11) NULL DEFAULT NULL,
  `id` int(255) NOT NULL AUTO_INCREMENT,
  `note` varchar(255) CHARACTER SET utf8 COLLATE utf8_unicode_ci NULL DEFAULT NULL,
  `example` varchar(2048) CHARACTER SET utf8 COLLATE utf8_unicode_ci NULL DEFAULT NULL,
  PRIMARY KEY (`id`) USING BTREE
) ENGINE = MyISAM AUTO_INCREMENT = 1505 CHARACTER SET = utf8 COLLATE = utf8_unicode_ci ROW_FORMAT = Dynamic;

-- ----------------------------
-- Records of wordroot
-- ----------------------------
INSERT INTO `wordroot` VALUES ('seism,seismo', '地震', NULL, NULL, 175, NULL, NULL);
INSERT INTO `wordroot` VALUES ('radi,ray,rad,radio', '光线，辐射', NULL, NULL, 176, NULL, NULL);
INSERT INTO `wordroot` VALUES ('acid,acri,acrid,acu', '酸的，锋利的', 'sour,sharp', 25, 1006, NULL, NULL);
INSERT INTO `wordroot` VALUES ('paleo,pale,palae', '老,古,旧', NULL, NULL, 178, NULL, NULL);
INSERT INTO `wordroot` VALUES ('gubern,govern', '管理,统治', NULL, NULL, 179, NULL, NULL);
INSERT INTO `wordroot` VALUES ('esti,este', '价值', NULL, NULL, 180, NULL, NULL);
INSERT INTO `wordroot` VALUES ('colon', '栖息', NULL, NULL, 181, NULL, NULL);
INSERT INTO `wordroot` VALUES ('advant', '提前', 'ahead', 25, 182, NULL, NULL);
INSERT INTO `wordroot` VALUES ('archae,archa,arch(a)eo', '古代的，原始的', NULL, NULL, 183, NULL, NULL);
INSERT INTO `wordroot` VALUES ('athl', '竞赛', 'contest', 26, 184, NULL, NULL);
INSERT INTO `wordroot` VALUES ('all(o)', '异', NULL, NULL, 185, NULL, NULL);
INSERT INTO `wordroot` VALUES ('nucl(eo)', '核', NULL, NULL, 186, NULL, NULL);
INSERT INTO `wordroot` VALUES ('selen(i),selen(o)', '月亮', NULL, NULL, 187, NULL, NULL);
INSERT INTO `wordroot` VALUES ('nigr,negr', '黑色的', 'black', 23, 188, NULL, NULL);
INSERT INTO `wordroot` VALUES ('phob，phobia', '厌恶，怕', 'dislike', 24, 189, NULL, NULL);
INSERT INTO `wordroot` VALUES ('contra,counter,contro', '反对', NULL, NULL, 190, NULL, NULL);
INSERT INTO `wordroot` VALUES ('add', '加，加上', NULL, NULL, 191, NULL, NULL);
INSERT INTO `wordroot` VALUES ('s', '在', NULL, NULL, 192, NULL, NULL);
INSERT INTO `wordroot` VALUES ('freeze,frig,friger', '寒冷的', 'cold', 25, 193, NULL, NULL);
INSERT INTO `wordroot` VALUES ('dyn,dynam', '力量，权力', 'power', 26, 194, NULL, NULL);
INSERT INTO `wordroot` VALUES ('arch,archy', '统治者，首脑', 'rule,ruler,chief', 17, 195, NULL, NULL);
INSERT INTO `wordroot` VALUES ('gyn, gynec', '妇女', 'woman', 17, 196, 'None', '1.gynarchy(gyn 妇女 + archy 统治 → 女人统治 → 妇女政治)\n2.gynecology(gynec 妇女 + ology …学 → 妇科医学)');
INSERT INTO `wordroot` VALUES ('hipp,hippo', '马', NULL, NULL, 197, NULL, NULL);
INSERT INTO `wordroot` VALUES ('dec,decor', '合适', NULL, NULL, 198, NULL, NULL);
INSERT INTO `wordroot` VALUES ('cyte,cyt,cyto', '细胞', NULL, NULL, 199, NULL, NULL);
INSERT INTO `wordroot` VALUES ('civ', '公民', 'citizen', 17, 200, NULL, NULL);
INSERT INTO `wordroot` VALUES ('ante,anti,ant', '前', NULL, NULL, 201, NULL, NULL);
INSERT INTO `wordroot` VALUES ('ump', '隆起', NULL, NULL, 202, NULL, NULL);
INSERT INTO `wordroot` VALUES ('brev,bridg', '短的', 'short', 25, 203, NULL, NULL);
INSERT INTO `wordroot` VALUES ('brig', '打,战斗 打 战斗', NULL, NULL, 204, NULL, NULL);
INSERT INTO `wordroot` VALUES ('biblio', '书', 'book', 22, 205, NULL, NULL);
INSERT INTO `wordroot` VALUES ('inter,integr', '完整的，全部的', 'whole', 25, 206, NULL, NULL);
INSERT INTO `wordroot` VALUES ('ign', '火', 'fire', 15, 207, NULL, NULL);
INSERT INTO `wordroot` VALUES ('helic,helico', '螺旋形的', 'spiral', 25, 208, NULL, NULL);
INSERT INTO `wordroot` VALUES ('hal', '呼吸', 'breathe', 24, 209, NULL, NULL);
INSERT INTO `wordroot` VALUES ('sel,sul,sult', '召集', NULL, NULL, 210, NULL, NULL);
INSERT INTO `wordroot` VALUES ('corp,corpor', '体,身体', 'body', 17, 211, NULL, NULL);
INSERT INTO `wordroot` VALUES ('rac', '种族', NULL, NULL, 212, NULL, NULL);
INSERT INTO `wordroot` VALUES ('rol', '圆，环,滚动', NULL, NULL, 213, NULL, NULL);
INSERT INTO `wordroot` VALUES ('du,dupl', '二', NULL, NULL, 214, NULL, NULL);
INSERT INTO `wordroot` VALUES ('ev', '年龄，寿命，时代，时期', 'age', 26, 215, NULL, NULL);
INSERT INTO `wordroot` VALUES ('dexter', '正确的，右边的', 'right', 25, 216, NULL, NULL);
INSERT INTO `wordroot` VALUES ('gran,grain', '谷物，谷粒，种子', 'grain', 19, 217, NULL, NULL);
INSERT INTO `wordroot` VALUES ('parl', '说，谈话', 'speak', 24, 218, NULL, NULL);
INSERT INTO `wordroot` VALUES ('past', '喂养，牧羊人', NULL, NULL, 219, NULL, NULL);
INSERT INTO `wordroot` VALUES ('ed', '吃', 'eat', 24, 220, NULL, NULL);
INSERT INTO `wordroot` VALUES ('vor', '吃', NULL, NULL, 221, NULL, NULL);
INSERT INTO `wordroot` VALUES ('phag', '吃', 'eat', 24, 222, NULL, NULL);
INSERT INTO `wordroot` VALUES ('tuit,tut', '照管,监护', NULL, NULL, 223, NULL, NULL);
INSERT INTO `wordroot` VALUES ('vol,volunt', '意志,意愿,自由', 'wish,will', 17, 224, NULL, NULL);
INSERT INTO `wordroot` VALUES ('temper', '节制,调节,混合', NULL, NULL, 225, NULL, NULL);
INSERT INTO `wordroot` VALUES ('crim,crimin', '分开', NULL, NULL, 226, NULL, NULL);
INSERT INTO `wordroot` VALUES ('crim,crimin,crimine', '控诉,罪行', NULL, NULL, 227, NULL, NULL);
INSERT INTO `wordroot` VALUES ('tric,trig', '琐碎', NULL, NULL, 228, NULL, NULL);
INSERT INTO `wordroot` VALUES ('spon,spond,spons,spous', '承诺', 'promise', 24, 229, NULL, NULL);
INSERT INTO `wordroot` VALUES ('jur,vot,vout,vow', '承诺,发誓', NULL, NULL, 230, NULL, NULL);
INSERT INTO `wordroot` VALUES ('fisc', '钱包，资金', 'purse', 22, 231, NULL, NULL);
INSERT INTO `wordroot` VALUES ('cogn', '知道', 'know', 24, 232, NULL, NULL);
INSERT INTO `wordroot` VALUES ('car,carn', '肉', NULL, NULL, 233, NULL, NULL);
INSERT INTO `wordroot` VALUES ('ver', '敬畏,尊敬；真', NULL, NULL, 234, NULL, NULL);
INSERT INTO `wordroot` VALUES ('sua,suad,suas(suav) ', '劝告', NULL, NULL, 235, NULL, NULL);
INSERT INTO `wordroot` VALUES ('plaud,plaus,plod,plos,plex', '拍手', 'clap hands', 24, 236, NULL, NULL);
INSERT INTO `wordroot` VALUES ('plant', '植物', 'plant', 16, 237, NULL, NULL);
INSERT INTO `wordroot` VALUES ('pel,puls,peal', '驾驶，推', 'drive,push', 24, 238, NULL, NULL);
INSERT INTO `wordroot` VALUES ('lun', '月亮', 'moon', 15, 967, NULL, NULL);
INSERT INTO `wordroot` VALUES ('imit', '模仿', NULL, NULL, 240, NULL, NULL);
INSERT INTO `wordroot` VALUES ('uxor', '妻子', 'wife', 17, 1471, NULL, NULL);
INSERT INTO `wordroot` VALUES ('tent,tempt,emp,temp', '尝试，触摸', NULL, NULL, 242, NULL, NULL);
INSERT INTO `wordroot` VALUES ('sort', '友善的', 'kind', 25, 243, NULL, NULL);
INSERT INTO `wordroot` VALUES ('gen,speci', '种类', NULL, NULL, 244, NULL, NULL);
INSERT INTO `wordroot` VALUES ('soph', '聪明的', 'wise', 25, 245, NULL, NULL);
INSERT INTO `wordroot` VALUES ('rot', '轮子', 'wheel', 22, 246, NULL, NULL);
INSERT INTO `wordroot` VALUES ('rept', '爬行，蔓延', 'creep', 24, 247, NULL, NULL);
INSERT INTO `wordroot` VALUES ('scal,scend', '爬行，蔓延', NULL, NULL, 248, NULL, NULL);
INSERT INTO `wordroot` VALUES ('quit', '免费的，自由的', 'free', 25, 249, NULL, NULL);
INSERT INTO `wordroot` VALUES ('quer,quar', '抱怨', 'complain', 24, 250, NULL, NULL);
INSERT INTO `wordroot` VALUES ('quer', '询问', NULL, NULL, 251, NULL, NULL);
INSERT INTO `wordroot` VALUES ('plain,plaint', '抱怨', 'complain', 24, 252, NULL, NULL);
INSERT INTO `wordroot` VALUES ('bat，cuss，fend，fenc，fens，fest，flict', '打', NULL, NULL, 253, NULL, NULL);
INSERT INTO `wordroot` VALUES ('port', '门；分', NULL, NULL, 254, NULL, NULL);
INSERT INTO `wordroot` VALUES ('pur,purg', '纯净的', 'pure', 25, 255, NULL, NULL);
INSERT INTO `wordroot` VALUES ('pusill', '打算，意欲', 'mean', 24, 1391, NULL, NULL);
INSERT INTO `wordroot` VALUES ('portat', '搬运', NULL, NULL, 257, NULL, NULL);
INSERT INTO `wordroot` VALUES ('fer,lat,ger,gest,veh,vect', '搬运', NULL, NULL, 258, NULL, NULL);
INSERT INTO `wordroot` VALUES ('phor,pher', '搬运；带，持有，具有', 'bring', 24, 259, NULL, NULL);
INSERT INTO `wordroot` VALUES ('ortho', '直的，正的', NULL, NULL, 260, NULL, NULL);
INSERT INTO `wordroot` VALUES ('phil,philo', '爱', 'love', 24, 261, NULL, NULL);
INSERT INTO `wordroot` VALUES ('nul,null', '无', 'none', 25, 262, NULL, NULL);
INSERT INTO `wordroot` VALUES ('nau,nav,naut,naus', '船，轮船', 'ship', 21, 263, NULL, NULL);
INSERT INTO `wordroot` VALUES ('mechan', '机器', NULL, NULL, 264, NULL, NULL);
INSERT INTO `wordroot` VALUES ('mark,marg,march', '作记号，边界', NULL, NULL, 265, NULL, NULL);
INSERT INTO `wordroot` VALUES ('loc,loco', '位置，地方', 'place', 26, 266, NULL, NULL);
INSERT INTO `wordroot` VALUES ('pon,pos,thes', '放置，安放', NULL, NULL, 267, NULL, NULL);
INSERT INTO `wordroot` VALUES ('lib,libr', '书籍', 'book', 22, 268, NULL, NULL);
INSERT INTO `wordroot` VALUES ('idi,idio', '个人的，独特的', 'peculiar,private', 25, 269, NULL, NULL);
INSERT INTO `wordroot` VALUES ('priv', '个人的，独特的', 'single,alone', 25, 270, NULL, NULL);
INSERT INTO `wordroot` VALUES ('herb', '草', NULL, NULL, 271, NULL, NULL);
INSERT INTO `wordroot` VALUES ('chorto,botan', '植物，草', NULL, NULL, 272, NULL, NULL);
INSERT INTO `wordroot` VALUES ('hap', '机会，运气', 'chance', 26, 273, NULL, NULL);
INSERT INTO `wordroot` VALUES ('greg', '群，组', 'group', 26, 274, NULL, NULL);
INSERT INTO `wordroot` VALUES ('cumul', '堆', 'heap', 26, 275, NULL, NULL);
INSERT INTO `wordroot` VALUES ('gam,gamo', '婚姻', NULL, NULL, 276, NULL, NULL);
INSERT INTO `wordroot` VALUES ('fug,bow,bog', '逃，弯', NULL, NULL, 277, NULL, NULL);
INSERT INTO `wordroot` VALUES ('fund,found,fus', '熔化；倾倒，浇注', NULL, NULL, 278, NULL, NULL);
INSERT INTO `wordroot` VALUES ('son', '声音', 'sound', 26, 279, NULL, NULL);
INSERT INTO `wordroot` VALUES ('mor', '道德的', 'moral', 25, 281, NULL, NULL);
INSERT INTO `wordroot` VALUES ('par', '准备好', 'get ready', 24, 282, NULL, NULL);
INSERT INTO `wordroot` VALUES ('flex,flect', '（使）弯曲，（使）倾斜', 'bend', 24, 283, NULL, NULL);
INSERT INTO `wordroot` VALUES ('sinu，tors，tort，campto', '弯曲', NULL, NULL, 284, NULL, NULL);
INSERT INTO `wordroot` VALUES ('torn,tour,tourn', '转动', 'turn', 24, 285, NULL, NULL);
INSERT INTO `wordroot` VALUES ('tun,ton', '声音，音调', NULL, NULL, 286, NULL, NULL);
INSERT INTO `wordroot` VALUES ('the,theo', '神', 'god', 17, 287, NULL, NULL);
INSERT INTO `wordroot` VALUES ('fest', '节日，祝宴', 'feast', 26, 288, NULL, NULL);
INSERT INTO `wordroot` VALUES ('electr', '琥珀，电', NULL, NULL, 289, NULL, NULL);
INSERT INTO `wordroot` VALUES ('ego', '我，自己', 'i', 17, 290, NULL, NULL);
INSERT INTO `wordroot` VALUES ('idi', '自己的', NULL, NULL, 291, NULL, NULL);
INSERT INTO `wordroot` VALUES ('eco,ecu,oce', '家', NULL, NULL, 292, NULL, NULL);
INSERT INTO `wordroot` VALUES ('dom', '房屋', 'house', 20, 293, NULL, NULL);
INSERT INTO `wordroot` VALUES ('dei,divin', '神', NULL, NULL, 294, NULL, NULL);
INSERT INTO `wordroot` VALUES ('deb,du', '负债', NULL, NULL, 295, NULL, NULL);
INSERT INTO `wordroot` VALUES ('vuls,vulse', '摘，采，拉', NULL, NULL, 296, NULL, NULL);
INSERT INTO `wordroot` VALUES ('vil,vuln,vul,vuls,vult', '撕，扯，野蛮', NULL, NULL, 297, NULL, NULL);
INSERT INTO `wordroot` VALUES ('urb', '城市', 'city', 20, 298, NULL, NULL);
INSERT INTO `wordroot` VALUES ('hous,hus,hid,hut', '盖，藏', NULL, NULL, 299, NULL, NULL);
INSERT INTO `wordroot` VALUES ('count', '计算', NULL, NULL, 300, NULL, NULL);
INSERT INTO `wordroot` VALUES ('cover', '覆盖', NULL, NULL, 301, NULL, NULL);
INSERT INTO `wordroot` VALUES ('chron', '时间', 'time', 26, 302, NULL, NULL);
INSERT INTO `wordroot` VALUES ('aqu', '水', 'water', 15, 303, NULL, NULL);
INSERT INTO `wordroot` VALUES ('cosm', '世界', 'world', 26, 304, NULL, NULL);
INSERT INTO `wordroot` VALUES ('aer,aero,aeri', '空气，空中，航空', 'air', 26, 305, NULL, NULL);
INSERT INTO `wordroot` VALUES ('joy,joc,jol,jov', '欢乐，开心', NULL, NULL, 306, NULL, NULL);
INSERT INTO `wordroot` VALUES ('ang,eng,ank,anch', '弯曲，角', NULL, NULL, 307, NULL, NULL);
INSERT INTO `wordroot` VALUES ('ang', '勒死，窒息', NULL, NULL, 308, NULL, NULL);
INSERT INTO `wordroot` VALUES ('angul,angl', '角', NULL, NULL, 309, NULL, NULL);
INSERT INTO `wordroot` VALUES ('crit,cirs', '判断，辨明，区分', 'judge,discern', 24, 310, NULL, NULL);
INSERT INTO `wordroot` VALUES ('sen', '老的，年长的', 'old', 25, 311, NULL, NULL);
INSERT INTO `wordroot` VALUES ('nutr,nurt,nutri,nutrit，nutrire', '抚养，培养', 'nourish', 24, 312, NULL, NULL);
INSERT INTO `wordroot` VALUES ('dent', '牙齿', 'tooth', 17, 313, NULL, NULL);
INSERT INTO `wordroot` VALUES ('dem(0)', '人民', 'people', 17, 314, 'None', '1、demagogy(dem 人民，人们 + agog 引导 + y 表行为 → 引导人民〔做坏事〕→ 煽动)\n2、democracy(demo 人民，人们 + cracy 政体 → 民主；民主政体)');
INSERT INTO `wordroot` VALUES ('draw', '拉，牵引', 'pull', 24, 315, NULL, NULL);
INSERT INTO `wordroot` VALUES ('habit', '居住', 'dwell', 24, 316, NULL, NULL);
INSERT INTO `wordroot` VALUES ('sumpt,sum', '消费，消耗', NULL, NULL, 317, NULL, NULL);
INSERT INTO `wordroot` VALUES ('empt,em,eem,mpt,m,anson,ampl', '拿，买', NULL, NULL, 318, NULL, NULL);
INSERT INTO `wordroot` VALUES ('op,oper,of', '工作，作品', NULL, NULL, 319, NULL, NULL);
INSERT INTO `wordroot` VALUES ('ped,pod,pus,peach,patch,pet', '脚', 'foot', NULL, 320, NULL, NULL);
INSERT INTO `wordroot` VALUES ('ped', '儿童', 'child', 17, 321, NULL, NULL);
INSERT INTO `wordroot` VALUES ('or,ora,ore,orat', '说', NULL, NULL, 322, NULL, NULL);
INSERT INTO `wordroot` VALUES ('oste,osteo,oss,osse', '骨头', 'bone', 17, 323, NULL, NULL);
INSERT INTO `wordroot` VALUES ('fac,fact,fec,fect,fic,fict,fig', '制造，做', 'make,do', 24, 324, NULL, NULL);
INSERT INTO `wordroot` VALUES ('duc,duct', '引导，促使', 'lead,bring', 24, 325, NULL, NULL);
INSERT INTO `wordroot` VALUES ('dign,dain,deign', '有价值的', NULL, NULL, 326, NULL, NULL);
INSERT INTO `wordroot` VALUES ('preci,prais,pric,priz', '价值，价格', 'value', 26, 327, NULL, NULL);
INSERT INTO `wordroot` VALUES ('xyl(o)', '木', NULL, NULL, 328, NULL, NULL);
INSERT INTO `wordroot` VALUES ('gen,gener,genit', '出生，生产', 'birth,produce', 24, 329, NULL, NULL);
INSERT INTO `wordroot` VALUES ('oxy,ox', '酸', NULL, NULL, 330, NULL, NULL);
INSERT INTO `wordroot` VALUES ('gon,angul,angl,corn', '角', NULL, NULL, 331, NULL, NULL);
INSERT INTO `wordroot` VALUES ('rat,ratio', '推定，计算', 'calculate', 24, 332, NULL, NULL);
INSERT INTO `wordroot` VALUES ('arithm,calc,count', '计算', NULL, NULL, 333, NULL, NULL);
INSERT INTO `wordroot` VALUES ('zo,zoo', '生命，动物', 'animal', 16, 334, NULL, NULL);
INSERT INTO `wordroot` VALUES ('xer,xero', '干燥', NULL, NULL, 335, NULL, NULL);
INSERT INTO `wordroot` VALUES ('vibr', '摆动', 'swing', 24, 336, NULL, NULL);
INSERT INTO `wordroot` VALUES ('vigil', '醒着', NULL, NULL, 337, NULL, NULL);
INSERT INTO `wordroot` VALUES ('vigor', '精力', NULL, NULL, 338, NULL, NULL);
INSERT INTO `wordroot` VALUES ('viol', '暴力，力量', NULL, NULL, 339, NULL, NULL);
INSERT INTO `wordroot` VALUES ('aquil', '鹰', 'eagle', 16, 1021, NULL, NULL);
INSERT INTO `wordroot` VALUES ('xanth,xantho', '黄', NULL, NULL, 341, NULL, NULL);
INSERT INTO `wordroot` VALUES ('verb,vir', '绿色', 'green', 23, 342, NULL, NULL);
INSERT INTO `wordroot` VALUES ('verm,vermi', '蠕虫', NULL, NULL, 343, NULL, NULL);
INSERT INTO `wordroot` VALUES ('vent', '风', 'wind', 15, 344, NULL, NULL);
INSERT INTO `wordroot` VALUES ('vend', '卖', NULL, NULL, 345, NULL, NULL);
INSERT INTO `wordroot` VALUES ('velop', '包，裹，卷', NULL, NULL, 346, NULL, NULL);
INSERT INTO `wordroot` VALUES ('veget', '植物', NULL, NULL, 347, NULL, NULL);
INSERT INTO `wordroot` VALUES ('van', '前，先', NULL, NULL, 348, NULL, NULL);
INSERT INTO `wordroot` VALUES ('urg,urgy', '制作', NULL, NULL, 349, NULL, NULL);
INSERT INTO `wordroot` VALUES ('vacc', '牛', NULL, NULL, 350, NULL, NULL);
INSERT INTO `wordroot` VALUES ('ur,urin', '尿', 'urine', 17, 351, NULL, NULL);
INSERT INTO `wordroot` VALUES ('trop', '转', 'turn', 24, 352, NULL, NULL);
INSERT INTO `wordroot` VALUES ('tox', '毒', 'poison', 22, 353, NULL, NULL);
INSERT INTO `wordroot` VALUES ('top', '地方', NULL, NULL, 354, NULL, NULL);
INSERT INTO `wordroot` VALUES ('toler', '容忍', 'endure', 24, 355, NULL, NULL);
INSERT INTO `wordroot` VALUES ('tir', '画', 'draw', 24, 356, NULL, NULL);
INSERT INTO `wordroot` VALUES ('therm,thermo', '热', 'heat', 25, 357, NULL, NULL);
INSERT INTO `wordroot` VALUES ('terg,ters', '擦，除掉', NULL, NULL, 358, NULL, NULL);
INSERT INTO `wordroot` VALUES ('sum,summ', '加', 'add up', 24, 359, NULL, NULL);
INSERT INTO `wordroot` VALUES ('techo,techn,techno', '技能，才能', 'skill,ability', 26, 360, NULL, NULL);
INSERT INTO `wordroot` VALUES ('stru,stro,struct', '建造', NULL, NULL, 361, NULL, NULL);
INSERT INTO `wordroot` VALUES ('strat', '摊开', 'spread out', 24, 362, NULL, NULL);
INSERT INTO `wordroot` VALUES ('stor', '存放', NULL, NULL, 363, NULL, NULL);
INSERT INTO `wordroot` VALUES ('stom,stomat,stomato', '口', NULL, NULL, 364, NULL, NULL);
INSERT INTO `wordroot` VALUES ('stereo', '立体', NULL, NULL, 365, NULL, NULL);
INSERT INTO `wordroot` VALUES ('sorb,sorpt', '吸', NULL, NULL, 366, NULL, NULL);
INSERT INTO `wordroot` VALUES ('soci', '同伴', 'companion', 17, 367, NULL, NULL);
INSERT INTO `wordroot` VALUES ('sino,sinic,sinico', '中国', NULL, NULL, 368, NULL, NULL);
INSERT INTO `wordroot` VALUES ('serv', '提供，保留', 'serve,keep', 24, 369, NULL, NULL);
INSERT INTO `wordroot` VALUES ('mun', '服务', NULL, NULL, 370, NULL, NULL);
INSERT INTO `wordroot` VALUES ('serg', '服务，保持', NULL, NULL, 371, NULL, NULL);
INSERT INTO `wordroot` VALUES ('seri', '系列，连', NULL, NULL, 372, NULL, NULL);
INSERT INTO `wordroot` VALUES ('scop', '观察，镜', NULL, NULL, 373, NULL, NULL);
INSERT INTO `wordroot` VALUES ('vis,vid', '看见', 'see', 24, 374, NULL, NULL);
INSERT INTO `wordroot` VALUES ('scler,sclero', '硬', NULL, NULL, 375, NULL, NULL);
INSERT INTO `wordroot` VALUES ('sanguin,sangui', '血', 'blood', 17, 376, NULL, NULL);
INSERT INTO `wordroot` VALUES ('sarc,sarco', '肉', 'flesh', 19, 377, NULL, NULL);
INSERT INTO `wordroot` VALUES ('san,sal,sanit', '健康的', 'healthy', 25, 378, NULL, NULL);
INSERT INTO `wordroot` VALUES ('sal', '跳', 'leap', 24, 379, NULL, NULL);
INSERT INTO `wordroot` VALUES ('rhag,rrhag,rrhea', '流出，破裂', NULL, NULL, 380, NULL, NULL);
INSERT INTO `wordroot` VALUES ('fiss,rupt,fract,cla,schisto', '裂', NULL, NULL, 381, NULL, NULL);
INSERT INTO `wordroot` VALUES ('riv,rive', '流动，小溪，河', 'stream', 15, 382, NULL, NULL);
INSERT INTO `wordroot` VALUES ('rhin,rhino', '鼻子', 'nose', 17, 383, NULL, NULL);
INSERT INTO `wordroot` VALUES ('rhiz,rhizo', '根', NULL, NULL, 384, NULL, NULL);
INSERT INTO `wordroot` VALUES ('pyr,pyro', '火', 'fire', 15, 385, NULL, NULL);
INSERT INTO `wordroot` VALUES ('flam,flagr,ign', '火', NULL, NULL, 386, NULL, NULL);
INSERT INTO `wordroot` VALUES ('pter', '翅，翼', NULL, NULL, 387, NULL, NULL);
INSERT INTO `wordroot` VALUES ('pen,penn,pinn', '翼，羽毛', NULL, NULL, 388, NULL, NULL);
INSERT INTO `wordroot` VALUES ('petr,petro', '石，岩石', 'stone', 15, 389, NULL, NULL);
INSERT INTO `wordroot` VALUES ('psych,psycho', '灵魂，精神，心理', 'soul', 17, 390, NULL, NULL);
INSERT INTO `wordroot` VALUES ('ment,phren', '精神', NULL, NULL, 391, NULL, NULL);
INSERT INTO `wordroot` VALUES ('potam', '河', NULL, NULL, 392, NULL, NULL);
INSERT INTO `wordroot` VALUES ('prot,proto', '前，第一，原', NULL, NULL, 394, NULL, NULL);
INSERT INTO `wordroot` VALUES ('rud', '粗鲁的', 'rude', 25, 395, NULL, NULL);
INSERT INTO `wordroot` VALUES ('proxim,proach', '近的', 'near', 25, 396, NULL, NULL);
INSERT INTO `wordroot` VALUES ('port', '拿', 'carry', 24, 397, NULL, NULL);
INSERT INTO `wordroot` VALUES ('pot,potent', '强大的', 'powerful', 25, 398, NULL, NULL);
INSERT INTO `wordroot` VALUES ('porc,pork', '猪', 'pig', 16, 399, NULL, NULL);
INSERT INTO `wordroot` VALUES ('pol,poly', '卖', NULL, NULL, 400, NULL, NULL);
INSERT INTO `wordroot` VALUES ('plut,pluto', '财', NULL, NULL, 401, NULL, NULL);
INSERT INTO `wordroot` VALUES ('plur,plus', '多', NULL, NULL, 402, NULL, NULL);
INSERT INTO `wordroot` VALUES ('phot,photo,phos', '光', 'light', 15, 403, NULL, NULL);
INSERT INTO `wordroot` VALUES ('pisc', '鱼', 'fish', 16, 404, NULL, NULL);
INSERT INTO `wordroot` VALUES ('phyt,phyto', '植物', 'plant', 16, 405, NULL, NULL);
INSERT INTO `wordroot` VALUES ('phyll,phyllo', '叶', NULL, NULL, 406, NULL, NULL);
INSERT INTO `wordroot` VALUES ('phem,phet', '讲话', 'speech', 26, 407, NULL, NULL);
INSERT INTO `wordroot` VALUES ('peps,pept', '消化的', NULL, NULL, 408, NULL, NULL);
INSERT INTO `wordroot` VALUES ('reg,reig', '君主，国王', 'king', 17, 409, NULL, NULL);
INSERT INTO `wordroot` VALUES ('par,pair,per,pir,peer', '相等，平等，准备', NULL, NULL, 410, NULL, NULL);
INSERT INTO `wordroot` VALUES ('pand,pans', '展开', NULL, NULL, 411, NULL, NULL);
INSERT INTO `wordroot` VALUES ('ornith', '鸟', 'bird', 16, 412, NULL, NULL);
INSERT INTO `wordroot` VALUES ('ot,oto', '耳朵', 'ear', 17, 413, NULL, NULL);
INSERT INTO `wordroot` VALUES ('oram,orama', '观看，景', NULL, NULL, 414, NULL, NULL);
INSERT INTO `wordroot` VALUES ('optim,optimus', '最好的', 'best', 25, 415, NULL, NULL);
INSERT INTO `wordroot` VALUES ('ophi,ophio', '蛇', NULL, NULL, 416, NULL, NULL);
INSERT INTO `wordroot` VALUES ('opt', '选，希望', NULL, NULL, 417, NULL, NULL);
INSERT INTO `wordroot` VALUES ('oo', '卵', NULL, NULL, 418, NULL, NULL);
INSERT INTO `wordroot` VALUES ('ov,ovi', '卵', NULL, NULL, 419, NULL, NULL);
INSERT INTO `wordroot` VALUES ('olig,oligo', '少', NULL, NULL, 420, NULL, NULL);
INSERT INTO `wordroot` VALUES ('ole,oleo', '油', NULL, NULL, 421, NULL, NULL);
INSERT INTO `wordroot` VALUES ('odont,odonto', '牙，牙齿', NULL, NULL, 422, NULL, NULL);
INSERT INTO `wordroot` VALUES ('nour,nurs', '喂养，营养', NULL, NULL, 423, NULL, NULL);
INSERT INTO `wordroot` VALUES ('od', '歌曲', 'song', 26, 424, NULL, NULL);
INSERT INTO `wordroot` VALUES ('ocul', '眼睛，苗', NULL, NULL, 425, NULL, NULL);
INSERT INTO `wordroot` VALUES ('nom,nomy', '规矩（学，术，法，治）', 'None', 26, 426, 'None', NULL);
INSERT INTO `wordroot` VALUES ('neutr', '中', NULL, NULL, 427, NULL, NULL);
INSERT INTO `wordroot` VALUES ('neg', '否认，否定', NULL, NULL, 428, NULL, NULL);
INSERT INTO `wordroot` VALUES ('necr,necro', '死亡，死尸', NULL, NULL, 429, NULL, NULL);
INSERT INTO `wordroot` VALUES ('myst', '预言，谎言', 'fable', 26, 430, NULL, NULL);
INSERT INTO `wordroot` VALUES ('nat', '出生，出世', 'born', 24, 431, NULL, NULL);
INSERT INTO `wordroot` VALUES ('nat,nasc,naiss,naiv', '出生', NULL, NULL, 432, NULL, NULL);
INSERT INTO `wordroot` VALUES ('mund', '世界', NULL, NULL, 433, NULL, NULL);
INSERT INTO `wordroot` VALUES ('mis,mixt,mix', '混杂，混合', NULL, NULL, 434, NULL, NULL);
INSERT INTO `wordroot` VALUES ('micr,micro', '小，微', NULL, NULL, 435, NULL, NULL);
INSERT INTO `wordroot` VALUES ('mes,meso', '中间', NULL, NULL, 436, NULL, NULL);
INSERT INTO `wordroot` VALUES ('melan', '黑色的', 'black', 23, 437, NULL, NULL);
INSERT INTO `wordroot` VALUES ('mancy', '占卜', NULL, NULL, 438, NULL, NULL);
INSERT INTO `wordroot` VALUES ('men,min', '威胁', NULL, NULL, 439, NULL, NULL);
INSERT INTO `wordroot` VALUES ('lapid', '石头', 'stone', 15, 440, NULL, NULL);
INSERT INTO `wordroot` VALUES ('mamm', '乳房', 'breast', 17, 441, NULL, NULL);
INSERT INTO `wordroot` VALUES ('macr,macro', '大的', NULL, NULL, 442, NULL, NULL);
INSERT INTO `wordroot` VALUES ('lys,lysi,lyt', '分，解，溶，散', NULL, NULL, 443, NULL, NULL);
INSERT INTO `wordroot` VALUES ('luc,lux,lus,lust,lustr', '明亮的', NULL, NULL, 444, NULL, NULL);
INSERT INTO `wordroot` VALUES ('liqu', '潮湿的', 'wet', 25, 445, NULL, NULL);
INSERT INTO `wordroot` VALUES ('lith,lite,lithic,litho', '石头', 'stone', 15, 446, NULL, NULL);
INSERT INTO `wordroot` VALUES ('liber,liver', '自由的', 'free', 25, 447, NULL, NULL);
INSERT INTO `wordroot` VALUES ('gnor,gnos,gniz', '知', NULL, NULL, 448, NULL, NULL);
INSERT INTO `wordroot` VALUES ('lic', '诱惑', 'allure', 24, 449, NULL, NULL);
INSERT INTO `wordroot` VALUES ('liber,libr,liter,lev,level', '天平，称，秤', NULL, NULL, 450, NULL, NULL);
INSERT INTO `wordroot` VALUES ('leuc', '白', NULL, NULL, 451, NULL, NULL);
INSERT INTO `wordroot` VALUES ('lect', '言', NULL, NULL, 452, NULL, NULL);
INSERT INTO `wordroot` VALUES ('lax,lyse', '释放，松开', 'loose', 24, 453, NULL, NULL);
INSERT INTO `wordroot` VALUES ('latr,latry,later', '崇拜，崇拜者', NULL, NULL, 454, NULL, NULL);
INSERT INTO `wordroot` VALUES ('laryngo', '咽喉', NULL, NULL, 455, NULL, NULL);
INSERT INTO `wordroot` VALUES ('laps', '滑倒，滑落', 'slip', 24, 456, NULL, NULL);
INSERT INTO `wordroot` VALUES ('galact,lact', '乳', NULL, NULL, 457, NULL, NULL);
INSERT INTO `wordroot` VALUES ('lachrym', '泪', NULL, NULL, 458, NULL, NULL);
INSERT INTO `wordroot` VALUES ('labi', '唇', NULL, NULL, 459, NULL, NULL);
INSERT INTO `wordroot` VALUES ('iter', '再', NULL, NULL, 460, NULL, NULL);
INSERT INTO `wordroot` VALUES ('iso', '相等，相同', NULL, NULL, 461, NULL, NULL);
INSERT INTO `wordroot` VALUES ('ir,irr', '怒', NULL, NULL, 462, NULL, NULL);
INSERT INTO `wordroot` VALUES ('iod', '碘', NULL, NULL, 463, NULL, NULL);
INSERT INTO `wordroot` VALUES ('ident', '相同的', 'same', 25, 464, NULL, NULL);
INSERT INTO `wordroot` VALUES ('idea,ideo', '想法', 'idea', 26, 465, NULL, NULL);
INSERT INTO `wordroot` VALUES ('hypn,hypno', '睡眠', 'sleep', 24, 466, NULL, NULL);
INSERT INTO `wordroot` VALUES ('ichthy', '鱼', NULL, NULL, 467, NULL, NULL);
INSERT INTO `wordroot` VALUES ('hor', '时间，小时', NULL, NULL, 468, NULL, NULL);
INSERT INTO `wordroot` VALUES ('hor,horr', '怕', NULL, NULL, 469, NULL, NULL);
INSERT INTO `wordroot` VALUES ('hydr,hydro,hydric', '水', 'water', 15, 470, NULL, NULL);
INSERT INTO `wordroot` VALUES ('hemo', '血液', 'blood', 17, 471, NULL, NULL);
INSERT INTO `wordroot` VALUES ('holo', '全', NULL, NULL, 472, NULL, NULL);
INSERT INTO `wordroot` VALUES ('heter,hetero', '异', NULL, NULL, 473, NULL, NULL);
INSERT INTO `wordroot` VALUES ('heli,helio', '太阳', 'sun', 15, 474, NULL, NULL);
INSERT INTO `wordroot` VALUES ('hedron,hedral', '...面体，...面体的', NULL, NULL, 475, NULL, NULL);
INSERT INTO `wordroot` VALUES ('gyr,gyro', '旋转', NULL, NULL, 476, NULL, NULL);
INSERT INTO `wordroot` VALUES ('gloss,glot', '舌头', 'tongue', 17, 477, NULL, NULL);
INSERT INTO `wordroot` VALUES ('glaci', '冰', 'ice', 15, 478, NULL, NULL);
INSERT INTO `wordroot` VALUES ('geo', '地球', 'earth', 15, 479, NULL, NULL);
INSERT INTO `wordroot` VALUES ('gastr,gastro', '胃，腹', 'stomach', 17, 480, NULL, NULL);
INSERT INTO `wordroot` VALUES ('fibr', '纤维', NULL, NULL, 481, NULL, NULL);
INSERT INTO `wordroot` VALUES ('fid,fiss', '裂开', NULL, NULL, 482, NULL, NULL);
INSERT INTO `wordroot` VALUES ('fix', '固定', 'fix', 24, 483, NULL, NULL);
INSERT INTO `wordroot` VALUES ('flor,flour', '花', 'flower', 16, 484, NULL, NULL);
INSERT INTO `wordroot` VALUES ('foli', '叶子', 'leaf', 16, 485, NULL, NULL);
INSERT INTO `wordroot` VALUES ('frater', '兄弟', NULL, NULL, 486, NULL, NULL);
INSERT INTO `wordroot` VALUES ('fruct', '水果', 'fruit', NULL, 487, NULL, NULL);
INSERT INTO `wordroot` VALUES ('ferr,ferro', '铁，铁器', 'iron', 22, 488, NULL, NULL);
INSERT INTO `wordroot` VALUES ('fend,fens', '攻击', 'strike', 24, 489, NULL, NULL);
INSERT INTO `wordroot` VALUES ('fem,femin', '妇女', 'woman', 17, 490, 'None', '1.feme(fem+e后缀->妇女)\n2.feminality(femin 妇女，-ality 名词后缀，表示性质->女性)');
INSERT INTO `wordroot` VALUES ('febr,febri', '发热，发烧', 'fever', 25, 491, NULL, NULL);
INSERT INTO `wordroot` VALUES ('fasc', '捆，束', NULL, NULL, 492, NULL, NULL);
INSERT INTO `wordroot` VALUES ('fare', '行，走', NULL, NULL, 493, NULL, NULL);
INSERT INTO `wordroot` VALUES ('fabric', '制造', 'make', 24, 494, NULL, NULL);
INSERT INTO `wordroot` VALUES ('enter', '肠', NULL, NULL, 495, NULL, NULL);
INSERT INTO `wordroot` VALUES ('entom,entomo', '昆虫', NULL, NULL, 496, NULL, NULL);
INSERT INTO `wordroot` VALUES ('ero', '爱', 'love', 24, 1175, NULL, NULL);
INSERT INTO `wordroot` VALUES ('ethn,ethno', '国家，民族', 'nation', 26, 498, NULL, NULL);
INSERT INTO `wordroot` VALUES ('emper,imper', '命令，指令', 'command', 26, 499, NULL, NULL);
INSERT INTO `wordroot` VALUES ('dors', '背，背部', 'back', 17, 500, NULL, NULL);
INSERT INTO `wordroot` VALUES ('divid,divis', '分', NULL, NULL, 501, NULL, NULL);
INSERT INTO `wordroot` VALUES ('derm,dermat', '皮肤', 'skin', 17, 502, NULL, NULL);
INSERT INTO `wordroot` VALUES ('dens', '变厚', 'make thick', 24, 503, NULL, NULL);
INSERT INTO `wordroot` VALUES ('dendr,dendro', '树', NULL, NULL, 504, NULL, NULL);
INSERT INTO `wordroot` VALUES ('dactyl,dactylo', '指，趾', NULL, NULL, 505, NULL, NULL);
INSERT INTO `wordroot` VALUES ('cyan,cyano', '蓝，青，氰', NULL, NULL, 506, NULL, NULL);
INSERT INTO `wordroot` VALUES ('curv', '弯曲', NULL, NULL, 507, NULL, NULL);
INSERT INTO `wordroot` VALUES ('crypt', '秘密，隐藏的', 'secret,hidden', 25, 508, NULL, NULL);
INSERT INTO `wordroot` VALUES ('chrom', '颜色', 'color', 23, 509, NULL, NULL);
INSERT INTO `wordroot` VALUES ('clin', '床', NULL, NULL, 510, NULL, NULL);
INSERT INTO `wordroot` VALUES ('commod', '便利的', 'convenient', 25, 511, NULL, NULL);
INSERT INTO `wordroot` VALUES ('corn', '角', 'horn', 15, 512, NULL, NULL);
INSERT INTO `wordroot` VALUES ('crani(o)', '头盔，头盖', NULL, NULL, 513, NULL, NULL);
INSERT INTO `wordroot` VALUES ('cryo', '寒冷的', 'cold', 25, 514, NULL, NULL);
INSERT INTO `wordroot` VALUES ('chrys', '金色的', 'golden', 23, 515, NULL, NULL);
INSERT INTO `wordroot` VALUES ('chlor(o)', '绿，氯', NULL, NULL, 516, NULL, NULL);
INSERT INTO `wordroot` VALUES ('chiro,cheir', '手', NULL, NULL, 517, NULL, NULL);
INSERT INTO `wordroot` VALUES ('car(t),char(t)', '车', NULL, NULL, 518, NULL, NULL);
INSERT INTO `wordroot` VALUES ('andr(o)', '男人，人，雄性', 'man,male', 17, 519, 'None', '1.androgyne(andro+gyn女人+e->阴阳人)');
INSERT INTO `wordroot` VALUES ('anthro', '人，人类', 'man,human', 17, 520, 'None', NULL);
INSERT INTO `wordroot` VALUES ('bi(o)', '生命，生物', NULL, NULL, 521, NULL, NULL);
INSERT INTO `wordroot` VALUES ('blanc', '白', 'white', 23, 522, NULL, NULL);
INSERT INTO `wordroot` VALUES ('calor,cale', '热', NULL, NULL, 523, NULL, NULL);
INSERT INTO `wordroot` VALUES ('c(h)art', '纸', NULL, NULL, 524, NULL, NULL);
INSERT INTO `wordroot` VALUES ('cav', '洞，空', 'hole', 15, 525, NULL, NULL);
INSERT INTO `wordroot` VALUES ('cent', '百，百分之一', 'hundred', 26, 526, NULL, NULL);
INSERT INTO `wordroot` VALUES ('centr', '中心', 'center', 26, 527, NULL, NULL);
INSERT INTO `wordroot` VALUES ('cephal', '头', 'head', 17, 528, NULL, NULL);
INSERT INTO `wordroot` VALUES ('carp(o)', '果实', NULL, NULL, 529, NULL, NULL);
INSERT INTO `wordroot` VALUES ('cept,cap(t),ceiv,ceit,cip,cup', '拿，抓', NULL, NULL, 530, NULL, NULL);
INSERT INTO `wordroot` VALUES ('card,cord', '心', 'heart', 17, 531, NULL, NULL);
INSERT INTO `wordroot` VALUES ('cap(it)', '头', NULL, NULL, 532, NULL, NULL);
INSERT INTO `wordroot` VALUES ('cand', '发光', 'glow', 24, 533, NULL, NULL);
INSERT INTO `wordroot` VALUES ('camp', '田，地', 'field', 22, 534, NULL, NULL);
INSERT INTO `wordroot` VALUES ('brut', '兽', NULL, NULL, 535, NULL, NULL);
INSERT INTO `wordroot` VALUES ('cac(o)', '恶，不良', NULL, NULL, 536, NULL, NULL);
INSERT INTO `wordroot` VALUES ('calc(ul)', '石灰，石头，计算', NULL, NULL, 537, NULL, NULL);
INSERT INTO `wordroot` VALUES ('blast(o)', '胚，芽', NULL, NULL, 538, NULL, NULL);
INSERT INTO `wordroot` VALUES ('beaut', '美', NULL, NULL, 539, NULL, NULL);
INSERT INTO `wordroot` VALUES ('bar(o),bary', '重，压', NULL, NULL, 540, NULL, NULL);
INSERT INTO `wordroot` VALUES ('barb', '胡须', 'beard', 17, 541, NULL, NULL);
INSERT INTO `wordroot` VALUES ('aur', '耳朵', 'ear', 17, 542, NULL, NULL);
INSERT INTO `wordroot` VALUES ('ard', '烧', 'burn', 24, 543, NULL, NULL);
INSERT INTO `wordroot` VALUES ('art,arthr(o)', '关节', NULL, NULL, 544, NULL, NULL);
INSERT INTO `wordroot` VALUES ('arter', '管子', 'pipe', 22, 545, NULL, NULL);
INSERT INTO `wordroot` VALUES ('anth', '花', 'flower', 16, 546, NULL, NULL);
INSERT INTO `wordroot` VALUES ('am,em', '拿', NULL, NULL, 547, NULL, NULL);
INSERT INTO `wordroot` VALUES ('alg', '痛苦', 'pain', 26, 548, NULL, NULL);
INSERT INTO `wordroot` VALUES ('agr,agro,agri', '田，地', 'field,land', 22, 549, NULL, NULL);
INSERT INTO `wordroot` VALUES ('agog', '领导，引导', 'lead', 24, 550, NULL, NULL);
INSERT INTO `wordroot` VALUES ('aem,haem(o),haemat(o),em,hem(o),hemat(o)', '血', NULL, NULL, 551, NULL, NULL);
INSERT INTO `wordroot` VALUES ('sit,sid,sed,sess(sid)', '坐', NULL, NULL, 552, NULL, NULL);
INSERT INTO `wordroot` VALUES ('st,sta,,stat,stan,stant,stin,stit,sist,stitut', '站立', 'stand', 24, 553, NULL, NULL);
INSERT INTO `wordroot` VALUES ('spect，spic', '看', 'look,see', 24, 554, NULL, NULL);
INSERT INTO `wordroot` VALUES ('pend,pens', '悬挂', 'hang', 24, 555, NULL, NULL);
INSERT INTO `wordroot` VALUES ('mod', '方式，方法', 'mode,manner', 26, 556, NULL, NULL);
INSERT INTO `wordroot` VALUES ('equ,equi', '相等的', 'equal,even', 25, 557, NULL, NULL);
INSERT INTO `wordroot` VALUES ('tard', '缓慢的', 'slow', 25, 558, NULL, NULL);
INSERT INTO `wordroot` VALUES ('cel(er)', '快速', NULL, NULL, 559, NULL, NULL);
INSERT INTO `wordroot` VALUES ('veng,venge,vind', '惩罚，报仇', 'punish', 24, 560, NULL, NULL);
INSERT INTO `wordroot` VALUES ('sal', '盐', 'salt', 19, 561, NULL, NULL);
INSERT INTO `wordroot` VALUES ('sal,sul,sil,sail,saul', '跳', NULL, NULL, 562, NULL, NULL);
INSERT INTO `wordroot` VALUES ('flu,flux', '流动', 'flow', 24, 563, NULL, NULL);
INSERT INTO `wordroot` VALUES ('he(i)r', '继承人', NULL, NULL, 565, NULL, NULL);
INSERT INTO `wordroot` VALUES ('her,hes', '粘贴', 'stick', 24, 566, NULL, NULL);
INSERT INTO `wordroot` VALUES ('cor(d),cour', '心', NULL, NULL, 567, NULL, NULL);
INSERT INTO `wordroot` VALUES ('va(i)l', '价值，强壮', NULL, NULL, 568, NULL, NULL);
INSERT INTO `wordroot` VALUES ('flict', '攻击', 'strike', 24, 569, NULL, NULL);
INSERT INTO `wordroot` VALUES ('li(g),leag,ly', '绑', NULL, NULL, 570, NULL, NULL);
INSERT INTO `wordroot` VALUES ('clam,claim', '哭，喊', 'cry out,shout', 24, 571, NULL, NULL);
INSERT INTO `wordroot` VALUES ('apt,ept', '安装，能力', 'fit,ability', 26, 572, NULL, NULL);
INSERT INTO `wordroot` VALUES ('lot', '大量', NULL, NULL, 573, NULL, NULL);
INSERT INTO `wordroot` VALUES ('n,ne,no,na', '不', NULL, NULL, 574, NULL, NULL);
INSERT INTO `wordroot` VALUES ('pac(t),peas', '和平', NULL, NULL, 575, NULL, NULL);
INSERT INTO `wordroot` VALUES ('pli(c),ply,ple(x),plo', '倍，重，折叠', NULL, NULL, 576, NULL, NULL);
INSERT INTO `wordroot` VALUES ('sert', '加入，插入', 'join,insert', 24, 577, NULL, NULL);
INSERT INTO `wordroot` VALUES ('ced,ceed,cess', '去，走', 'go', 24, 578, NULL, NULL);
INSERT INTO `wordroot` VALUES ('nex,nect', '绑，连结', 'bind', 24, 579, NULL, NULL);
INSERT INTO `wordroot` VALUES ('nihil', '无，虚无', 'nothing', 25, 580, NULL, NULL);
INSERT INTO `wordroot` VALUES ('spir，spirat', '呼吸', 'breathe', 24, 581, NULL, NULL);
INSERT INTO `wordroot` VALUES ('grav,griev,gravat', '重的，沉重的', 'heavy', 25, 582, NULL, NULL);
INSERT INTO `wordroot` VALUES ('ven,vent', '来，过来', 'come', 24, 583, NULL, NULL);
INSERT INTO `wordroot` VALUES ('journ', '一天，白天', 'day', 26, 584, NULL, NULL);
INSERT INTO `wordroot` VALUES ('clim', '梯子，斜坡', NULL, NULL, 585, NULL, NULL);
INSERT INTO `wordroot` VALUES ('sur', '确定的，安全的', 'sure', 25, 586, NULL, NULL);
INSERT INTO `wordroot` VALUES ('sem,sembl,sim,simul,simil', '相同，相似，相等', 'be like', 24, 587, NULL, NULL);
INSERT INTO `wordroot` VALUES ('pall', '苍白无力的;暗淡的;浅色的', NULL, NULL, 588, NULL, NULL);
INSERT INTO `wordroot` VALUES ('lud,lus', '游戏，扮演', 'play', 24, 589, NULL, NULL);
INSERT INTO `wordroot` VALUES ('l(i)ev', '举，升，轻的', NULL, NULL, 590, NULL, NULL);
INSERT INTO `wordroot` VALUES ('ali,al,alter,ulter,altru', '其他的，变更', NULL, NULL, 592, NULL, NULL);
INSERT INTO `wordroot` VALUES ('rad,ras,raz', '刮擦', NULL, NULL, 593, NULL, NULL);
INSERT INTO `wordroot` VALUES ('ori,orig,ort', '起来，开始', 'rise,begin', 24, 594, NULL, NULL);
INSERT INTO `wordroot` VALUES ('trud,trus', '推', 'push', 24, 595, NULL, NULL);
INSERT INTO `wordroot` VALUES ('err', '错误', 'mistake', 26, 596, NULL, NULL);
INSERT INTO `wordroot` VALUES ('voc,vok,vouc,vow,voic', '喊叫，声音', 'call,voice', 24, 597, NULL, NULL);
INSERT INTO `wordroot` VALUES ('rog', '询问，要求', 'ask', 24, 598, NULL, NULL);
INSERT INTO `wordroot` VALUES ('lu,lav,lau', '冲洗', NULL, NULL, 599, NULL, NULL);
INSERT INTO `wordroot` VALUES ('ject', '投掷，扔', 'throw,cast', 24, 600, NULL, NULL);
INSERT INTO `wordroot` VALUES ('tom,tomy', '切', 'cut', 24, 601, NULL, NULL);
INSERT INTO `wordroot` VALUES ('solv,solu,solut', '放松', 'loosen', 24, 602, NULL, NULL);
INSERT INTO `wordroot` VALUES ('graph,gram', '写，画', 'write', 24, 603, NULL, NULL);
INSERT INTO `wordroot` VALUES ('cond', '隐藏', 'hide', 24, 604, NULL, NULL);
INSERT INTO `wordroot` VALUES ('vert,vers', '转', 'turn', 24, 605, NULL, NULL);
INSERT INTO `wordroot` VALUES ('dic,dict', '说话，断言，分派', 'say,assert', 24, 606, NULL, NULL);
INSERT INTO `wordroot` VALUES ('norm', '规范，正规，正常,标准', NULL, NULL, 608, NULL, NULL);
INSERT INTO `wordroot` VALUES ('juven', '年轻，年少', NULL, NULL, 609, NULL, NULL);
INSERT INTO `wordroot` VALUES ('tain，ten，tin，tinu,tent', '握，持，守', 'hold', 24, 610, NULL, NULL);
INSERT INTO `wordroot` VALUES ('hom,hum', '人类，地，湿', NULL, NULL, 611, NULL, NULL);
INSERT INTO `wordroot` VALUES ('sat,sati,satis,satur', '足，满，饱', 'enough,full of food', 25, 612, NULL, NULL);
INSERT INTO `wordroot` VALUES ('sent,sens', '感觉', 'feel', 24, 613, NULL, NULL);
INSERT INTO `wordroot` VALUES ('chame', '地面', 'ground', 26, 1110, NULL, NULL);
INSERT INTO `wordroot` VALUES ('pris,prehend,prehens,pren,pregn,priev', '拿，抓', 'catch', 24, 615, NULL, NULL);
INSERT INTO `wordroot` VALUES ('cent,cant,chant,chans', '歌唱', NULL, NULL, 616, NULL, NULL);
INSERT INTO `wordroot` VALUES ('bas,base', '低的', 'low', 25, 618, NULL, NULL);
INSERT INTO `wordroot` VALUES ('bas,bat', '走', NULL, NULL, 619, NULL, NULL);
INSERT INTO `wordroot` VALUES ('prol', '孩子', 'offspring', 17, 1387, NULL, NULL);
INSERT INTO `wordroot` VALUES ('scrib,script', '写', 'write', 24, 621, NULL, NULL);
INSERT INTO `wordroot` VALUES ('fam,fat,phon', '说，论', NULL, NULL, 622, NULL, NULL);
INSERT INTO `wordroot` VALUES ('fabl,fabul', '说', 'speak', 24, 623, NULL, NULL);
INSERT INTO `wordroot` VALUES ('ver', '真实的', 'true', 25, 624, NULL, NULL);
INSERT INTO `wordroot` VALUES ('tribut', '给予', 'give', 24, 625, NULL, NULL);
INSERT INTO `wordroot` VALUES ('fess', '说', 'speak', 24, 626, NULL, NULL);
INSERT INTO `wordroot` VALUES ('grand', '大', NULL, NULL, 627, NULL, NULL);
INSERT INTO `wordroot` VALUES ('spers,spars', '分散', 'scatter', 24, 628, NULL, NULL);
INSERT INTO `wordroot` VALUES ('sever', '认真的', 'earnest', 25, 629, NULL, NULL);
INSERT INTO `wordroot` VALUES ('front', '额头', 'forehead', 17, 630, NULL, NULL);
INSERT INTO `wordroot` VALUES ('junct,join,jug', '连接', 'join', 24, 631, NULL, NULL);
INSERT INTO `wordroot` VALUES ('jud,jur,jus(t)', '判断', NULL, NULL, 632, NULL, NULL);
INSERT INTO `wordroot` VALUES ('co(a)st ', '肋骨，旁边，边', NULL, NULL, 633, NULL, NULL);
INSERT INTO `wordroot` VALUES ('col,cul', '脖子；耕种', NULL, NULL, 634, NULL, NULL);
INSERT INTO `wordroot` VALUES ('tenu', '薄的', 'thin', 25, 635, NULL, NULL);
INSERT INTO `wordroot` VALUES ('pon,pound', '放，放置', 'put', 24, 636, NULL, NULL);
INSERT INTO `wordroot` VALUES ('pos,posit', '放，放置', 'put', 24, 637, NULL, NULL);
INSERT INTO `wordroot` VALUES ('tri(t)', '擦', NULL, NULL, 638, NULL, NULL);
INSERT INTO `wordroot` VALUES ('fin', '末尾，界限', 'end,boundary', 26, 639, NULL, NULL);
INSERT INTO `wordroot` VALUES ('umbr', '阴影', 'shadow', 26, 640, NULL, NULL);
INSERT INTO `wordroot` VALUES ('bys', '末尾，底部', NULL, NULL, 641, NULL, NULL);
INSERT INTO `wordroot` VALUES ('onym,onom', '名字', 'name', 26, 642, 'None', NULL);
INSERT INTO `wordroot` VALUES ('don,dit', '给', 'give', 24, 643, NULL, NULL);
INSERT INTO `wordroot` VALUES ('path,pathy', '疾病，疗法', NULL, NULL, 644, NULL, NULL);
INSERT INTO `wordroot` VALUES ('(a)esthet', '感受', 'feeling', 26, 645, '', NULL);
INSERT INTO `wordroot` VALUES ('troph', '营养', 'nutrition', 26, 646, NULL, NULL);
INSERT INTO `wordroot` VALUES ('mnes,mnem', '记起', 'remember', 24, 647, NULL, NULL);
INSERT INTO `wordroot` VALUES ('morph', '形状', 'form', 26, 648, NULL, NULL);
INSERT INTO `wordroot` VALUES ('press', '压，按', 'press', 24, 649, NULL, NULL);
INSERT INTO `wordroot` VALUES ('ple,plet,plen,pli,ply', '满的', 'full,fill', 25, 650, NULL, NULL);
INSERT INTO `wordroot` VALUES ('pact', '系紧，同意', 'fastened', 24, 651, NULL, NULL);
INSERT INTO `wordroot` VALUES ('ment', '智慧', 'mind', 26, 652, NULL, NULL);
INSERT INTO `wordroot` VALUES ('sol', '单独的', 'alone', 25, 653, NULL, NULL);
INSERT INTO `wordroot` VALUES ('sol', '太阳', 'sun', 15, 654, NULL, NULL);
INSERT INTO `wordroot` VALUES ('via,vi,vey,voy,way', '道路', 'way', 21, 655, NULL, NULL);
INSERT INTO `wordroot` VALUES ('cist', '盒，箱', 'box', 22, 1115, NULL, NULL);
INSERT INTO `wordroot` VALUES ('bat', '打，打败', 'beat', 24, 657, NULL, NULL);
INSERT INTO `wordroot` VALUES ('ag,act,ig', '驱使，做', NULL, NULL, 658, NULL, NULL);
INSERT INTO `wordroot` VALUES ('tend,tens,tent', '伸展', 'stretch', 24, 659, NULL, NULL);
INSERT INTO `wordroot` VALUES ('punct,pung,punc,pounc,polgn,pon,point', '刺', NULL, NULL, 660, NULL, NULL);
INSERT INTO `wordroot` VALUES ('clos,clud,clus', '关闭', 'close', 24, 661, NULL, NULL);
INSERT INTO `wordroot` VALUES ('mot,mov,mob', '动，移动', 'move', 24, 662, 'None', NULL);
INSERT INTO `wordroot` VALUES ('sequ,secut,su', '跟随', NULL, NULL, 663, NULL, NULL);
INSERT INTO `wordroot` VALUES ('strain,strict,string,stress,strang', '拧紧', 'tighten', 24, 664, NULL, NULL);
INSERT INTO `wordroot` VALUES ('pto', NULL, NULL, NULL, 665, NULL, NULL);
INSERT INTO `wordroot` VALUES ('cid,cad,cas', '落下，降临', NULL, NULL, 666, NULL, NULL);
INSERT INTO `wordroot` VALUES ('ger,gest,gist', '运，载', NULL, NULL, 667, NULL, NULL);
INSERT INTO `wordroot` VALUES ('labor', '劳动，工作', 'labor', 26, 668, NULL, NULL);
INSERT INTO `wordroot` VALUES ('vict,vint,vinc', '征服', 'conquer,overcome', 24, 669, NULL, NULL);
INSERT INTO `wordroot` VALUES ('tempor,temper', '时间，时代', 'time', 26, 670, NULL, NULL);
INSERT INTO `wordroot` VALUES ('solid,sold', 'firm,whole', NULL, NULL, 671, NULL, NULL);
INSERT INTO `wordroot` VALUES ('lat', '生产', 'bring out', 24, 672, NULL, NULL);
INSERT INTO `wordroot` VALUES ('fer', '拿，带来', 'bring,carry', 24, 673, NULL, NULL);
INSERT INTO `wordroot` VALUES ('coc,coct', '烹饪', 'cook', 24, 674, NULL, NULL);
INSERT INTO `wordroot` VALUES ('miser', '难受的', 'wretched', 25, 675, NULL, NULL);
INSERT INTO `wordroot` VALUES ('alesc', '种植，增加', 'grow', 24, 676, NULL, NULL);
INSERT INTO `wordroot` VALUES ('secr,sacr,sanct,sacer,saint', '神圣的', NULL, NULL, 677, NULL, NULL);
INSERT INTO `wordroot` VALUES ('flagr,flam', '火焰', 'blaze', 15, 678, NULL, NULL);
INSERT INTO `wordroot` VALUES ('dol', '悲伤', NULL, NULL, 679, NULL, NULL);
INSERT INTO `wordroot` VALUES ('plac,plais,pleas', 'to please,to soothe,peace', NULL, NULL, 680, NULL, NULL);
INSERT INTO `wordroot` VALUES ('rod,ros', '咬，啮', 'bite', 24, 681, NULL, NULL);
INSERT INTO `wordroot` VALUES ('rob', '强壮，力量', NULL, NULL, 682, NULL, NULL);
INSERT INTO `wordroot` VALUES ('tang,tact,ting,tig,tag', '触摸', 'touch', 24, 683, NULL, NULL);
INSERT INTO `wordroot` VALUES ('stern,stren', '严格的；僵硬的；规则、方法', NULL, NULL, 684, NULL, NULL);
INSERT INTO `wordroot` VALUES ('viv', '活', NULL, NULL, 685, NULL, NULL);
INSERT INTO `wordroot` VALUES ('sign', '标记，签署', 'mark', 24, 686, NULL, NULL);
INSERT INTO `wordroot` VALUES ('sum,summ', '全，总，最', NULL, 25, 687, NULL, NULL);
INSERT INTO `wordroot` VALUES ('mens', '测量', NULL, NULL, 688, NULL, NULL);
INSERT INTO `wordroot` VALUES ('tum', '膨胀，肿胀', 'swell', 24, 689, NULL, NULL);
INSERT INTO `wordroot` VALUES ('pict,pig', '油漆', 'paint', 22, 690, NULL, NULL);
INSERT INTO `wordroot` VALUES ('volv,volu,volt,volut', '转动，卷', 'roll,turn', 24, 691, NULL, NULL);
INSERT INTO `wordroot` VALUES ('tract', '画', 'draw', 24, 692, NULL, NULL);
INSERT INTO `wordroot` VALUES ('test', '测验，见证人', 'test,witness', 17, 693, NULL, NULL);
INSERT INTO `wordroot` VALUES ('grad,gress,gred', '走', NULL, NULL, 694, NULL, NULL);
INSERT INTO `wordroot` VALUES ('plor', '哭泣，悲叹', 'cry,weep', 24, 695, NULL, NULL);
INSERT INTO `wordroot` VALUES ('vac,vas', '空', NULL, NULL, 696, NULL, NULL);
INSERT INTO `wordroot` VALUES ('terr', '吓唬', 'frighten', 24, 697, NULL, NULL);
INSERT INTO `wordroot` VALUES ('terr', '地球', 'earth', 20, 698, NULL, NULL);
INSERT INTO `wordroot` VALUES ('mol,moll', 'grind,grain,burden,heap,moll', NULL, NULL, 699, NULL, NULL);
INSERT INTO `wordroot` VALUES ('crep', 'rattle', NULL, NULL, 700, NULL, NULL);
INSERT INTO `wordroot` VALUES ('void', '空', NULL, NULL, 701, NULL, NULL);
INSERT INTO `wordroot` VALUES ('rid,ris', '笑', NULL, NULL, 702, NULL, NULL);
INSERT INTO `wordroot` VALUES ('men,mean', '领导', NULL, NULL, 703, NULL, NULL);
INSERT INTO `wordroot` VALUES ('fac,front', '面部，正面，前额', NULL, NULL, 704, NULL, NULL);
INSERT INTO `wordroot` VALUES ('lin,lign', '线', NULL, NULL, 705, NULL, NULL);
INSERT INTO `wordroot` VALUES ('lec,let ,lic,lig', '引诱', NULL, NULL, 706, NULL, NULL);
INSERT INTO `wordroot` VALUES ('pred,preda', '掠夺，掠食', NULL, NULL, 707, NULL, NULL);
INSERT INTO `wordroot` VALUES ('prec', '祈祷', NULL, NULL, 708, NULL, NULL);
INSERT INTO `wordroot` VALUES ('linqu,lic,lict', '离开', 'leave', 24, 709, NULL, NULL);
INSERT INTO `wordroot` VALUES ('est,ess,ent', '存在', NULL, NULL, 710, NULL, NULL);
INSERT INTO `wordroot` VALUES ('cret,cern,creet,cre', '观察，筛选', NULL, NULL, 711, NULL, NULL);
INSERT INTO `wordroot` VALUES ('cred,creed', '相信，信任', 'believe,trust', 24, 712, NULL, NULL);
INSERT INTO `wordroot` VALUES ('min,men', '突出，伸出', NULL, NULL, 713, NULL, NULL);
INSERT INTO `wordroot` VALUES ('sect,seg', '切，分', 'cut,divide', 24, 714, NULL, NULL);
INSERT INTO `wordroot` VALUES ('arm', '武器', 'weapon', 22, 715, NULL, NULL);
INSERT INTO `wordroot` VALUES ('fid,fi,fy,feder,feal', '相信', NULL, NULL, 716, NULL, NULL);
INSERT INTO `wordroot` VALUES ('vulg,mulg', '人民', 'people', 17, 717, NULL, NULL);
INSERT INTO `wordroot` VALUES ('verg', '倾向，倾斜', NULL, NULL, 718, NULL, NULL);
INSERT INTO `wordroot` VALUES ('put', '思考', 'think', 24, 719, NULL, NULL);
INSERT INTO `wordroot` VALUES ('cli,clin', '弯曲，倾斜', NULL, NULL, 720, NULL, NULL);
INSERT INTO `wordroot` VALUES ('curr,curs,cour,cours', '运行，跑', 'run', 24, 721, NULL, NULL);
INSERT INTO `wordroot` VALUES ('tort,tor', '扭曲', 'twist', 24, 722, NULL, NULL);
INSERT INTO `wordroot` VALUES ('semin,semen', '种子', 'seed', 16, 723, NULL, NULL);
INSERT INTO `wordroot` VALUES ('quist,quest,quir,quer,quist', '问，寻求', 'seek,search', 24, 724, NULL, NULL);
INSERT INTO `wordroot` VALUES ('bol,bl,bal', '投掷，扔', NULL, NULL, 725, NULL, NULL);
INSERT INTO `wordroot` VALUES ('pass', '感觉', 'felling', 26, 726, NULL, NULL);
INSERT INTO `wordroot` VALUES ('pot,pow,poss', '有能力的，有力量的', NULL, NULL, 727, NULL, NULL);
INSERT INTO `wordroot` VALUES ('croch,croach,crouch,crutch,crook', '弯，勾', NULL, NULL, 728, NULL, NULL);
INSERT INTO `wordroot` VALUES ('body', '主体', NULL, NULL, 729, NULL, NULL);
INSERT INTO `wordroot` VALUES ('bar', '重量', 'weight', 26, 730, NULL, NULL);
INSERT INTO `wordroot` VALUES ('am,amor,amat', '喜欢，爱', 'love', 24, 731, NULL, NULL);
INSERT INTO `wordroot` VALUES ('tail', '切', 'cut', 24, 732, NULL, NULL);
INSERT INTO `wordroot` VALUES ('light', '光', NULL, NULL, 733, NULL, NULL);
INSERT INTO `wordroot` VALUES ('gross', '大的，伟大的', 'great', 25, 734, NULL, NULL);
INSERT INTO `wordroot` VALUES ('bell,bel', '战斗', 'war,fight', 24, 735, NULL, NULL);
INSERT INTO `wordroot` VALUES ('com', '宴会', 'banquet', 26, 736, NULL, NULL);
INSERT INTO `wordroot` VALUES ('cumb,cub', '倾斜，躺', 'lie down', 24, 737, NULL, NULL);
INSERT INTO `wordroot` VALUES ('clav', '键，关键', NULL, NULL, 738, NULL, NULL);
INSERT INTO `wordroot` VALUES ('per,pir,par', '危险，经验', NULL, NULL, 739, NULL, NULL);
INSERT INTO `wordroot` VALUES ('number,numer,numerou', '数，计算', 'number', 24, 740, NULL, NULL);
INSERT INTO `wordroot` VALUES ('alt', '高的，高级的', 'high', 25, 741, NULL, NULL);
INSERT INTO `wordroot` VALUES ('radic,radis', '根', 'root', 16, 742, NULL, NULL);
INSERT INTO `wordroot` VALUES ('lips', '离开', 'leave', 24, 743, NULL, NULL);
INSERT INTO `wordroot` VALUES ('stinct,sting,stig,sti，stimul', '扎，刺', 'prick', 24, 744, NULL, NULL);
INSERT INTO `wordroot` VALUES ('long', '长度', 'leng', 26, 745, NULL, NULL);
INSERT INTO `wordroot` VALUES ('orb', '圆，轨道', NULL, NULL, 746, NULL, NULL);
INSERT INTO `wordroot` VALUES ('hod,od', '方法，路', NULL, NULL, 747, NULL, NULL);
INSERT INTO `wordroot` VALUES ('manu,man', '手', 'hand', 17, 748, NULL, NULL);
INSERT INTO `wordroot` VALUES ('termin,term', '限度', 'limit', 26, 749, NULL, NULL);
INSERT INTO `wordroot` VALUES ('tol', 'to raise,to support', NULL, NULL, 750, NULL, NULL);
INSERT INTO `wordroot` VALUES ('van,vain,vac,void', '空', NULL, NULL, 751, NULL, NULL);
INSERT INTO `wordroot` VALUES ('rud', '未加工的，原始的', NULL, NULL, 752, NULL, NULL);
INSERT INTO `wordroot` VALUES ('pi', '神圣的', NULL, NULL, 753, NULL, NULL);
INSERT INTO `wordroot` VALUES ('hort', '支持', 'encourage', 24, 754, NULL, NULL);
INSERT INTO `wordroot` VALUES ('hilar', '愉快的', 'glad', 25, 755, NULL, NULL);
INSERT INTO `wordroot` VALUES ('figur,fig,form', '形成，形状', NULL, NULL, 756, NULL, NULL);
INSERT INTO `wordroot` VALUES ('bull', '沸腾，印章', NULL, NULL, 757, NULL, NULL);
INSERT INTO `wordroot` VALUES ('mers,merg', '浸，投入', 'sink', 24, 758, NULL, NULL);
INSERT INTO `wordroot` VALUES ('fet', '生产的', NULL, NULL, 759, NULL, NULL);
INSERT INTO `wordroot` VALUES ('nerv,neur,neuro', '神经', NULL, NULL, 760, NULL, NULL);
INSERT INTO `wordroot` VALUES ('mend', '改错', 'free from fault', 24, 761, NULL, NULL);
INSERT INTO `wordroot` VALUES ('man,main', '停留，保持', 'stay', 24, 762, NULL, NULL);
INSERT INTO `wordroot` VALUES ('nov', '新的', 'new', 25, 763, NULL, NULL);
INSERT INTO `wordroot` VALUES ('it', '去，走', 'go', 24, 764, NULL, NULL);
INSERT INTO `wordroot` VALUES ('tim,tem', '害怕', 'fear', 24, 765, NULL, NULL);
INSERT INTO `wordroot` VALUES ('part,port', '部分，分开', 'part,divide', 24, 766, NULL, NULL);
INSERT INTO `wordroot` VALUES ('flat', '吹', 'blow', 24, 767, NULL, NULL);
INSERT INTO `wordroot` VALUES ('order,ord,ordin,ordain', '顺序', 'order', 26, 768, NULL, NULL);
INSERT INTO `wordroot` VALUES ('pun,pen,poen', '惩罚', NULL, NULL, 769, NULL, NULL);
INSERT INTO `wordroot` VALUES ('still', '小水滴', 'small drop', 15, 770, NULL, NULL);
INSERT INTO `wordroot` VALUES ('mort,mors,mor', '死', NULL, NULL, 771, NULL, NULL);
INSERT INTO `wordroot` VALUES ('ciner', '灰烬', 'ash', 15, 772, NULL, NULL);
INSERT INTO `wordroot` VALUES ('pover,pauper', '贫穷', NULL, NULL, 773, NULL, NULL);
INSERT INTO `wordroot` VALUES ('cit', '呼叫，唤醒', 'quote,call', 24, 774, NULL, NULL);
INSERT INTO `wordroot` VALUES ('trep,trem', '抖动', 'quiver', 24, 775, NULL, NULL);
INSERT INTO `wordroot` VALUES ('bib', '喝', 'drink', 24, 776, NULL, NULL);
INSERT INTO `wordroot` VALUES ('var', '改变', NULL, NULL, 777, NULL, NULL);
INSERT INTO `wordroot` VALUES ('damn,demn,dam', '损害', NULL, NULL, 778, NULL, NULL);
INSERT INTO `wordroot` VALUES ('pet,pit,peat', '奔，追求，努力', NULL, NULL, 779, NULL, NULL);
INSERT INTO `wordroot` VALUES ('fall,fals', '犯错，欺骗', NULL, NULL, 780, NULL, NULL);
INSERT INTO `wordroot` VALUES ('noc,nox,nic,nec', '伤害，毒害', 'hurt,poison ', 24, 781, NULL, NULL);
INSERT INTO `wordroot` VALUES ('tegr', '接触', NULL, NULL, 782, NULL, NULL);
INSERT INTO `wordroot` VALUES ('vet,veter', '老，旧', 'old', 25, 783, NULL, NULL);
INSERT INTO `wordroot` VALUES ('mut', '改变', 'change', 24, 784, NULL, NULL);
INSERT INTO `wordroot` VALUES ('vuln,vult', '伤害', NULL, NULL, 785, NULL, NULL);
INSERT INTO `wordroot` VALUES ('pugn', '战斗', 'fight', 24, 786, NULL, NULL);
INSERT INTO `wordroot` VALUES ('avi,av,avar', '欲望', 'desire', 26, 787, NULL, NULL);
INSERT INTO `wordroot` VALUES ('anim', '生命，活，心神，意见', 'life,spirit', 26, 788, NULL, NULL);
INSERT INTO `wordroot` VALUES ('firm', '强壮的，坚定的', 'firm', 25, 789, NULL, NULL);
INSERT INTO `wordroot` VALUES ('calc', '石头', 'stone', 15, 790, NULL, NULL);
INSERT INTO `wordroot` VALUES ('surg,surge,srect,surrect', '升起，复活', 'rise', 24, 791, NULL, NULL);
INSERT INTO `wordroot` VALUES ('scrut', '检查', NULL, NULL, 792, NULL, NULL);
INSERT INTO `wordroot` VALUES ('veh,vect,veigh,vex', '搬运', NULL, NULL, 793, NULL, NULL);
INSERT INTO `wordroot` VALUES ('turb', '煽动，搅动', 'stir', 24, 794, NULL, NULL);
INSERT INTO `wordroot` VALUES ('pecu', '钱', NULL, NULL, 795, NULL, NULL);
INSERT INTO `wordroot` VALUES ('mur', '墙', 'wall', 22, 796, NULL, NULL);
INSERT INTO `wordroot` VALUES ('macul', '瑕疵，点', 'spot', 26, 797, NULL, NULL);
INSERT INTO `wordroot` VALUES ('luct', '挣扎，奋斗', NULL, NULL, 798, NULL, NULL);
INSERT INTO `wordroot` VALUES ('rupt', '打破，中断', 'break', 24, 799, NULL, NULL);
INSERT INTO `wordroot` VALUES ('medit', '思考', 'ponder', 24, 1299, NULL, NULL);
INSERT INTO `wordroot` VALUES ('rect,rig', '直的，公正的，正当的', 'straight,right', 25, 801, NULL, NULL);
INSERT INTO `wordroot` VALUES ('liter', '信', 'letter', 22, 802, NULL, NULL);
INSERT INTO `wordroot` VALUES ('cel,cul,ceal', '地穴', NULL, NULL, 803, NULL, NULL);
INSERT INTO `wordroot` VALUES ('dur', '最后的，坚固的', 'last,hard', 25, 804, NULL, NULL);
INSERT INTO `wordroot` VALUES ('scen', '设定，舞台', NULL, NULL, 805, NULL, NULL);
INSERT INTO `wordroot` VALUES ('dox,dogma', '意见', NULL, NULL, 806, NULL, NULL);
INSERT INTO `wordroot` VALUES ('min', '项目', 'project', 26, 1306, NULL, NULL);
INSERT INTO `wordroot` VALUES ('phras,pha,phe,phu', '说', NULL, NULL, 808, NULL, NULL);
INSERT INTO `wordroot` VALUES ('jur,juris', '咒骂，发誓', 'swear', 24, 809, NULL, NULL);
INSERT INTO `wordroot` VALUES ('vad,vas,wad', '走，去', 'go', 24, 810, NULL, NULL);
INSERT INTO `wordroot` VALUES ('mea,me', '浸透', NULL, NULL, 811, NULL, NULL);
INSERT INTO `wordroot` VALUES ('ann,enn', '年', 'year', 26, 812, NULL, NULL);
INSERT INTO `wordroot` VALUES ('funct', '履行', 'perform', 24, 813, NULL, NULL);
INSERT INTO `wordroot` VALUES ('mat', '熟的', NULL, NULL, 814, NULL, NULL);
INSERT INTO `wordroot` VALUES ('cau,cur', '小心，注意', NULL, NULL, 815, NULL, NULL);
INSERT INTO `wordroot` VALUES ('ambul', '走，步行', 'walk', 24, 816, NULL, NULL);
INSERT INTO `wordroot` VALUES ('domin', '支配', 'lord', 24, 817, NULL, NULL);
INSERT INTO `wordroot` VALUES ('post,poster', '在...后面', 'behind', 25, 818, NULL, NULL);
INSERT INTO `wordroot` VALUES ('text', '编织', 'weave', 24, 819, NULL, NULL);
INSERT INTO `wordroot` VALUES ('med', '治愈，打算', NULL, NULL, 820, NULL, NULL);
INSERT INTO `wordroot` VALUES ('mon,min', '告诫，提醒', NULL, NULL, 821, NULL, NULL);
INSERT INTO `wordroot` VALUES ('scintill', '火花', 'spark', 15, 1424, NULL, NULL);
INSERT INTO `wordroot` VALUES ('sag', '知道', 'know', 24, 823, NULL, NULL);
INSERT INTO `wordroot` VALUES ('mont,mount', '小山', NULL, NULL, 824, NULL, NULL);
INSERT INTO `wordroot` VALUES ('fus,fut,fund,found', '灌，流，倾泻', NULL, NULL, 825, NULL, NULL);
INSERT INTO `wordroot` VALUES ('al,ol,ul', '滋养', NULL, NULL, 826, NULL, NULL);
INSERT INTO `wordroot` VALUES ('teg,tect', '隐藏，覆盖，掩盖', 'cover', 24, 827, NULL, NULL);
INSERT INTO `wordroot` VALUES ('cliv', '弯曲', NULL, NULL, 828, NULL, NULL);
INSERT INTO `wordroot` VALUES ('burs', '钱包', NULL, NULL, 829, NULL, NULL);
INSERT INTO `wordroot` VALUES ('fort,forc', '强壮的，坚定的', 'strong', 25, 830, NULL, NULL);
INSERT INTO `wordroot` VALUES ('hab,hib', 'to live,to have,to hold', NULL, NULL, 831, NULL, NULL);
INSERT INTO `wordroot` VALUES ('len', '柔和的，柔软的', NULL, NULL, 832, NULL, NULL);
INSERT INTO `wordroot` VALUES ('vil', '便宜，廉价', NULL, NULL, 833, NULL, NULL);
INSERT INTO `wordroot` VALUES ('eng', '否认', NULL, NULL, 834, NULL, NULL);
INSERT INTO `wordroot` VALUES ('nounc,nunci', '说，报告', NULL, NULL, 835, NULL, NULL);
INSERT INTO `wordroot` VALUES ('tac,tic', '安静的，沉默的', NULL, NULL, 836, NULL, NULL);
INSERT INTO `wordroot` VALUES ('scind,scis,trench', '切，剪', NULL, NULL, 837, NULL, NULL);
INSERT INTO `wordroot` VALUES ('dub,doub', '不确定的', NULL, NULL, 838, NULL, NULL);
INSERT INTO `wordroot` VALUES ('pud', '惭愧，害臊', 'shame', 17, 839, NULL, NULL);
INSERT INTO `wordroot` VALUES ('monstr', '证明，展示', 'show', 24, 840, NULL, NULL);
INSERT INTO `wordroot` VALUES ('fulg', '发光', 'shine', 24, 841, NULL, NULL);
INSERT INTO `wordroot` VALUES ('ol,od', '气味，闻', NULL, NULL, 842, NULL, NULL);
INSERT INTO `wordroot` VALUES ('splend ', '发光，照耀', 'shine', 24, 843, NULL, NULL);
INSERT INTO `wordroot` VALUES ('fract,frag,fra,fring', '打破', NULL, NULL, 844, NULL, NULL);
INSERT INTO `wordroot` VALUES ('cinct', '捆，束', 'bind', 24, 845, NULL, NULL);
INSERT INTO `wordroot` VALUES ('rap,rav,rep', '攫取', NULL, NULL, 846, NULL, NULL);
INSERT INTO `wordroot` VALUES ('cili', '呼叫', 'call', 24, 847, NULL, NULL);
INSERT INTO `wordroot` VALUES ('plu', '更多的，再', NULL, NULL, 848, NULL, NULL);
INSERT INTO `wordroot` VALUES ('mit,miss,mis,mess', '投，掷，送', 'send,cast', 24, 849, NULL, NULL);
INSERT INTO `wordroot` VALUES ('scend,scent,scens,scan', '爬，上升', NULL, NULL, 850, NULL, NULL);
INSERT INTO `wordroot` VALUES ('vest', '衣服', 'clothes', 18, 851, NULL, NULL);
INSERT INTO `wordroot` VALUES ('bond，band', '捆绑', NULL, NULL, 852, NULL, NULL);
INSERT INTO `wordroot` VALUES ('salv,sav', '安全的', NULL, NULL, 853, NULL, NULL);
INSERT INTO `wordroot` VALUES ('pil', '毛发，头发', NULL, NULL, 854, NULL, NULL);
INSERT INTO `wordroot` VALUES ('verb', '字，词', 'word', 22, 855, NULL, NULL);
INSERT INTO `wordroot` VALUES ('mir', '看见，惊讶', 'wonder,look', 24, 856, NULL, NULL);
INSERT INTO `wordroot` VALUES ('prox,prop', '近的', NULL, NULL, 857, NULL, NULL);
INSERT INTO `wordroot` VALUES ('leth', '昏迷，遗忘', 'oblivion', 26, 858, NULL, NULL);
INSERT INTO `wordroot` VALUES ('hier', '神圣的', NULL, NULL, 859, NULL, NULL);
INSERT INTO `wordroot` VALUES ('propr,proper,propri', '自己的', 'one\'s own', 25, 860, NULL, NULL);
INSERT INTO `wordroot` VALUES ('aud,ed,eis', '听', NULL, NULL, 862, NULL, NULL);
INSERT INTO `wordroot` VALUES ('doc,doct', '教导', 'to teach', 24, 863, NULL, NULL);
INSERT INTO `wordroot` VALUES ('cuss', '打击，摇动', 'shake', 24, 864, NULL, NULL);
INSERT INTO `wordroot` VALUES ('let,liv', '石灰', NULL, NULL, 865, NULL, NULL);
INSERT INTO `wordroot` VALUES ('pecc', '过失', NULL, NULL, 866, NULL, NULL);
INSERT INTO `wordroot` VALUES ('palp', '感觉', 'feel', 24, 867, NULL, NULL);
INSERT INTO `wordroot` VALUES ('culp', '过错', 'fault', 26, 868, NULL, NULL);
INSERT INTO `wordroot` VALUES ('cens', '评估', 'judge', 24, 869, NULL, NULL);
INSERT INTO `wordroot` VALUES ('domit', '驯服的', 'tame', 25, 870, NULL, NULL);
INSERT INTO `wordroot` VALUES ('cel', '天堂', 'heaven', 20, 871, NULL, NULL);
INSERT INTO `wordroot` VALUES ('glob', '球', NULL, NULL, 872, NULL, NULL);
INSERT INTO `wordroot` VALUES ('mar', '斗争，海', NULL, NULL, 873, NULL, NULL);
INSERT INTO `wordroot` VALUES ('op,opt,opto,ophthalm', '眼睛，视力', NULL, NULL, 874, NULL, NULL);
INSERT INTO `wordroot` VALUES ('matr,mater', '母亲', 'mother', 17, 875, NULL, NULL);
INSERT INTO `wordroot` VALUES ('patr,patri,pater', '父，祖', 'father', 17, 876, NULL, NULL);
INSERT INTO `wordroot` VALUES ('rus,rur', '乡村', 'country', 20, 877, NULL, NULL);
INSERT INTO `wordroot` VALUES ('crud', '原始的，未经加工的', 'raw', 25, 1137, NULL, NULL);
INSERT INTO `wordroot` VALUES ('coloss,colis', '大', NULL, NULL, 879, NULL, NULL);
INSERT INTO `wordroot` VALUES ('hemer', '一天，白天', 'day', 26, 880, NULL, NULL);
INSERT INTO `wordroot` VALUES ('noct,nox', '夜晚', 'night', 26, 881, NULL, NULL);
INSERT INTO `wordroot` VALUES ('nomin,nomen', '名字', NULL, NULL, 882, NULL, NULL);
INSERT INTO `wordroot` VALUES ('ban', '禁止', 'prohibit', 24, 883, NULL, NULL);
INSERT INTO `wordroot` VALUES ('prim,prem,prin,pri', '第一，首先', 'first,chief', 25, 884, NULL, NULL);
INSERT INTO `wordroot` VALUES ('dig', '缺乏', NULL, NULL, 885, NULL, NULL);
INSERT INTO `wordroot` VALUES ('vig,veg ', '快活的，有生气的', NULL, NULL, 886, NULL, NULL);
INSERT INTO `wordroot` VALUES ('ferv', '沸腾，煮沸', 'boil', 24, 887, NULL, NULL);
INSERT INTO `wordroot` VALUES ('dorm', '睡眠', 'sleep', 24, 888, NULL, NULL);
INSERT INTO `wordroot` VALUES ('milit', '士兵', 'soldier', 17, 889, NULL, NULL);
INSERT INTO `wordroot` VALUES ('vag,vaga,vagr', '漫步', 'wander', 24, 890, NULL, NULL);
INSERT INTO `wordroot` VALUES ('dulg', '屈服', NULL, NULL, 891, NULL, NULL);
INSERT INTO `wordroot` VALUES ('chal', '热情的', NULL, NULL, 892, NULL, NULL);
INSERT INTO `wordroot` VALUES ('somn', '睡觉', 'sleep', 24, 893, NULL, NULL);
INSERT INTO `wordroot` VALUES ('mun,muni', '公开的，公共的', 'public', 25, 894, NULL, NULL);
INSERT INTO `wordroot` VALUES ('comit', '陪伴', NULL, NULL, 895, NULL, NULL);
INSERT INTO `wordroot` VALUES ('mord,mors', '咬，叮', 'bite', 24, 896, NULL, NULL);
INSERT INTO `wordroot` VALUES ('clar,clair,clear', '清楚，明白', 'clear,bright', 25, 897, NULL, NULL);
INSERT INTO `wordroot` VALUES ('merc', '贸易，报酬', NULL, NULL, 898, NULL, NULL);
INSERT INTO `wordroot` VALUES ('aug', '增加', 'increase', 24, 899, NULL, NULL);
INSERT INTO `wordroot` VALUES ('mand,mend', '顺序，次序', 'order', 26, 900, NULL, NULL);
INSERT INTO `wordroot` VALUES ('mim', '模仿', NULL, NULL, 901, NULL, NULL);
INSERT INTO `wordroot` VALUES ('caust,caut', '腐蚀', NULL, NULL, 902, NULL, NULL);
INSERT INTO `wordroot` VALUES ('crat,cracy', '统治', NULL, NULL, 903, NULL, NULL);
INSERT INTO `wordroot` VALUES ('thet,thesis,thes,thec,them', '环境，背景', 'setting', 26, 904, NULL, NULL);
INSERT INTO `wordroot` VALUES ('ax', '轴', NULL, NULL, 905, NULL, NULL);
INSERT INTO `wordroot` VALUES ('polit,polic,polis', '市，州，国家', 'state,city', 20, 906, NULL, NULL);
INSERT INTO `wordroot` VALUES ('egyr', '一起', NULL, NULL, 907, NULL, NULL);
INSERT INTO `wordroot` VALUES ('narc', '麻木的', 'numb', 25, 908, NULL, NULL);
INSERT INTO `wordroot` VALUES ('prag,prac', '实际的，商业的', NULL, NULL, 909, NULL, NULL);
INSERT INTO `wordroot` VALUES ('not,notum', '知道，留意', 'know', 24, 910, NULL, NULL);
INSERT INTO `wordroot` VALUES ('caval', '马', 'horse', 16, 911, NULL, NULL);
INSERT INTO `wordroot` VALUES ('magn,maj,max', '大的', 'big', 25, 912, NULL, NULL);
INSERT INTO `wordroot` VALUES ('grat,gree,grac', '令人愉悦的', 'pleasing', 25, 913, NULL, NULL);
INSERT INTO `wordroot` VALUES ('merit', '值得，获得', NULL, NULL, 914, NULL, NULL);
INSERT INTO `wordroot` VALUES ('phon', '声音', 'sound', 26, 915, NULL, NULL);
INSERT INTO `wordroot` VALUES ('lup', '狼', 'wolf', 16, 1283, NULL, NULL);
INSERT INTO `wordroot` VALUES ('phan,phen,fan', '显现，出现', 'show', 24, 917, NULL, NULL);
INSERT INTO `wordroot` VALUES ('mell,mel,mil,mol,mar', '蜂蜜', 'honey', 19, 918, NULL, NULL);
INSERT INTO `wordroot` VALUES ('popul,publ', '人民', 'people', 17, 919, 'None', '1、population(popul+ation名词后缀)人口\n2、public(publ 人民 + ic …的 → 人民[知情的])公开的');
INSERT INTO `wordroot` VALUES ('migr', '去除', 'remove', 24, 920, NULL, NULL);
INSERT INTO `wordroot` VALUES ('varic', 'to strade', NULL, NULL, 921, NULL, NULL);
INSERT INTO `wordroot` VALUES ('ultim', '最', 'None', 25, 922, 'None', NULL);
INSERT INTO `wordroot` VALUES ('orn', '修饰', 'embellish', 24, 923, NULL, NULL);
INSERT INTO `wordroot` VALUES ('scan,scend,scal', '登，爬', NULL, NULL, 924, NULL, NULL);
INSERT INTO `wordroot` VALUES ('scal', '梯子', NULL, NULL, 925, NULL, NULL);
INSERT INTO `wordroot` VALUES ('oner', '负荷', 'load', 26, 926, NULL, NULL);
INSERT INTO `wordroot` VALUES ('insul,isol', '岛屿', 'island', 15, 927, NULL, NULL);
INSERT INTO `wordroot` VALUES ('stip', '一起', NULL, NULL, 928, NULL, NULL);
INSERT INTO `wordroot` VALUES ('cast', '投掷', NULL, NULL, 929, NULL, NULL);
INSERT INTO `wordroot` VALUES ('cathol', '正常的', 'general', 25, 1097, NULL, NULL);
INSERT INTO `wordroot` VALUES ('pat', '步行', 'walk', 24, 931, NULL, NULL);
INSERT INTO `wordroot` VALUES ('crastin', '明天', 'tomorrow', 26, 932, NULL, NULL);
INSERT INTO `wordroot` VALUES ('flig', '开车', NULL, NULL, 933, NULL, NULL);
INSERT INTO `wordroot` VALUES ('art', '技巧，关节，技术', 'skill,joint,trick', 26, 934, NULL, NULL);
INSERT INTO `wordroot` VALUES ('acerb', '苦的，严厉的', NULL, 25, 935, NULL, NULL);
INSERT INTO `wordroot` VALUES ('bil', '强壮的', NULL, NULL, 936, NULL, NULL);
INSERT INTO `wordroot` VALUES ('fusc', '黑暗的', 'dark', 23, 937, NULL, NULL);
INSERT INTO `wordroot` VALUES ('just,juris', '法律，正义', NULL, NULL, 938, NULL, NULL);
INSERT INTO `wordroot` VALUES ('acro', '顶，顶部', 'top', 26, 939, NULL, NULL);
INSERT INTO `wordroot` VALUES ('aster,astro', '星星', 'star', 15, 940, NULL, NULL);
INSERT INTO `wordroot` VALUES ('path', '感觉、痛苦、疾病', 'felling,suffering,illness', 26, 941, NULL, NULL);
INSERT INTO `wordroot` VALUES ('clandestin', '秘密', 'secret', 26, 1117, NULL, NULL);
INSERT INTO `wordroot` VALUES ('alter,altern,ali', '改变', 'to change', 24, 943, NULL, NULL);
INSERT INTO `wordroot` VALUES ('vary', '转变，变化', NULL, NULL, 944, NULL, NULL);
INSERT INTO `wordroot` VALUES ('lig', '捆绑', 'bind', 24, 945, NULL, NULL);
INSERT INTO `wordroot` VALUES ('the', '看', NULL, NULL, 946, NULL, NULL);
INSERT INTO `wordroot` VALUES ('host', '敌人', 'enemy', 17, 947, NULL, NULL);
INSERT INTO `wordroot` VALUES ('hosp', '客人', NULL, NULL, 948, NULL, NULL);
INSERT INTO `wordroot` VALUES ('bound', '边界；弹跳；束缚', NULL, NULL, 949, NULL, NULL);
INSERT INTO `wordroot` VALUES ('shell', '壳', NULL, NULL, 950, NULL, NULL);
INSERT INTO `wordroot` VALUES ('sult', '跳', 'leap', 24, 951, NULL, NULL);
INSERT INTO `wordroot` VALUES ('opt', '看', NULL, NULL, 953, NULL, NULL);
INSERT INTO `wordroot` VALUES ('ag', '做，动', 'do,act', 24, 954, NULL, NULL);
INSERT INTO `wordroot` VALUES ('audi,audit', '听', 'hear', 24, 955, NULL, NULL);
INSERT INTO `wordroot` VALUES ('bell', '好的，健康的', 'fine', 25, 956, NULL, NULL);
INSERT INTO `wordroot` VALUES ('circ,cycl', '环，圆', 'ring,cirlce', 26, 957, NULL, NULL);
INSERT INTO `wordroot` VALUES ('cord', '心', NULL, NULL, 958, NULL, NULL);
INSERT INTO `wordroot` VALUES ('copor', 'body', NULL, NULL, 959, NULL, NULL);
INSERT INTO `wordroot` VALUES ('di', '日，天', 'day', 26, 960, NULL, NULL);
INSERT INTO `wordroot` VALUES ('grad', '步，走，级', 'step,grade', 26, 961, NULL, NULL);
INSERT INTO `wordroot` VALUES ('hibit', '拿，持', 'hold', 24, 962, NULL, NULL);
INSERT INTO `wordroot` VALUES ('hospit,host', '客人', 'guest', 17, 963, NULL, NULL);
INSERT INTO `wordroot` VALUES ('lect,lig', '选择，收集', 'choose,gather', 24, 964, NULL, NULL);
INSERT INTO `wordroot` VALUES ('lev', '举，升', NULL, NULL, 965, NULL, NULL);
INSERT INTO `wordroot` VALUES ('lingu', '语言', 'language', 26, 966, NULL, NULL);
INSERT INTO `wordroot` VALUES ('man', '居住，停留', NULL, NULL, 968, NULL, NULL);
INSERT INTO `wordroot` VALUES ('memor', '记忆', 'memory', 26, 969, NULL, NULL);
INSERT INTO `wordroot` VALUES ('mini,min', '小的', 'small', 25, 970, NULL, NULL);
INSERT INTO `wordroot` VALUES ('momin', '名', NULL, NULL, 971, NULL, NULL);
INSERT INTO `wordroot` VALUES ('paci', '和平，平静', NULL, NULL, 972, NULL, NULL);
INSERT INTO `wordroot` VALUES ('pel', '推，逐，驱', NULL, NULL, 973, NULL, NULL);
INSERT INTO `wordroot` VALUES ('plic', '折，重叠', NULL, NULL, 974, NULL, NULL);
INSERT INTO `wordroot` VALUES ('sec,sequ', '跟随', NULL, NULL, 975, NULL, NULL);
INSERT INTO `wordroot` VALUES ('tele', '远的', 'far', 25, 976, NULL, NULL);
INSERT INTO `wordroot` VALUES ('uni', '一', 'one', 26, 977, 'None', NULL);
INSERT INTO `wordroot` VALUES ('vari,vary', '改变', 'change', 24, 978, NULL, NULL);
INSERT INTO `wordroot` VALUES ('vi,via', '路', NULL, NULL, 979, NULL, NULL);
INSERT INTO `wordroot` VALUES ('vit', '生命', NULL, NULL, 980, NULL, NULL);
INSERT INTO `wordroot` VALUES ('cult', '耕作', 'till', 24, 981, NULL, NULL);
INSERT INTO `wordroot` VALUES ('cycl,cyclc', '圆，环，轮', NULL, NULL, 982, NULL, NULL);
INSERT INTO `wordroot` VALUES ('drom', '跑', 'run', 24, 983, NULL, NULL);
INSERT INTO `wordroot` VALUES ('feder', '联盟', 'league', 26, 984, NULL, NULL);
INSERT INTO `wordroot` VALUES ('fratem', '兄弟，伙伴', 'brother', 17, 1204, NULL, NULL);
INSERT INTO `wordroot` VALUES ('furt', '偷', 'steal', 24, 1210, NULL, NULL);
INSERT INTO `wordroot` VALUES ('leg', '读', NULL, NULL, 987, NULL, NULL);
INSERT INTO `wordroot` VALUES ('leg,legis', '法律', 'law', 26, 988, NULL, NULL);
INSERT INTO `wordroot` VALUES ('mega', '大', NULL, NULL, 989, NULL, NULL);
INSERT INTO `wordroot` VALUES ('misc', '混合，混杂', 'mix', 24, 990, NULL, NULL);
INSERT INTO `wordroot` VALUES ('mis,miso', '恨，厌恶', 'hate', 24, 991, NULL, NULL);
INSERT INTO `wordroot` VALUES ('mon', '单独，一个', NULL, NULL, 992, NULL, NULL);
INSERT INTO `wordroot` VALUES ('plex,pli,plic,ply', '折叠', 'fold', 24, 993, NULL, NULL);
INSERT INTO `wordroot` VALUES ('sper', '希望', 'hope', 24, 994, NULL, NULL);
INSERT INTO `wordroot` VALUES ('stell', '星', 'star', 15, 995, NULL, NULL);
INSERT INTO `wordroot` VALUES ('ut,uti,util,us', '使用', 'use', 24, 996, NULL, NULL);
INSERT INTO `wordroot` VALUES ('val', '强', NULL, NULL, 997, NULL, NULL);
INSERT INTO `wordroot` VALUES ('abl,abili', '能够的', 'able', 25, 999, NULL, NULL);
INSERT INTO `wordroot` VALUES ('abol', '消除，终止', 'do away with', 24, 1000, NULL, NULL);
INSERT INTO `wordroot` VALUES ('accoutr', '衣服，连衣裙', 'dress', 18, 1001, NULL, NULL);
INSERT INTO `wordroot` VALUES ('acm', '顶，顶部', 'top', 26, 1002, NULL, NULL);
INSERT INTO `wordroot` VALUES ('act', '做，驱动', 'to do,to drive', 24, 1003, NULL, NULL);
INSERT INTO `wordroot` VALUES ('adip', '肥胖的', 'fat', 25, 1004, NULL, NULL);
INSERT INTO `wordroot` VALUES ('adjut', '帮助', 'assist', 24, 1005, NULL, NULL);
INSERT INTO `wordroot` VALUES ('agger', '堆', 'heap', 26, 1007, NULL, NULL);
INSERT INTO `wordroot` VALUES ('agon', '奋斗', 'struggle', 24, 1008, NULL, NULL);
INSERT INTO `wordroot` VALUES ('alacr', '敏捷的', 'swift', 25, 1009, NULL, NULL);
INSERT INTO `wordroot` VALUES ('alb', '白色的', 'white', 25, 1010, NULL, NULL);
INSERT INTO `wordroot` VALUES ('ald', '老的', 'old', 25, 1011, NULL, NULL);
INSERT INTO `wordroot` VALUES ('amen', '令人愉快的', 'pleasant', 25, 1012, NULL, NULL);
INSERT INTO `wordroot` VALUES ('amic', '朋友', 'friend', 17, 1013, NULL, NULL);
INSERT INTO `wordroot` VALUES ('ampl', '大的，大量的', 'large', 25, 1014, NULL, NULL);
INSERT INTO `wordroot` VALUES ('anci,antiq', '老的，以前的', 'old', 25, 1015, NULL, NULL);
INSERT INTO `wordroot` VALUES ('angu', '忧虑，困苦', 'distress', 26, 1016, NULL, NULL);
INSERT INTO `wordroot` VALUES ('anx', '忧虑，困苦', 'distress', 26, 1017, NULL, NULL);
INSERT INTO `wordroot` VALUES ('ap', '蜜蜂', 'bee', 16, 1018, NULL, NULL);
INSERT INTO `wordroot` VALUES ('aper', '开启，打开', 'open', 24, 1019, NULL, NULL);
INSERT INTO `wordroot` VALUES ('apex', '峰会，顶点', 'summit', 26, 1020, NULL, NULL);
INSERT INTO `wordroot` VALUES ('ar', '干的', 'dry', 25, 1022, NULL, NULL);
INSERT INTO `wordroot` VALUES ('ar', '犁', 'plow', 22, 1023, NULL, NULL);
INSERT INTO `wordroot` VALUES ('arbit,arbitr', '法官', 'judge', 17, 1024, NULL, NULL);
INSERT INTO `wordroot` VALUES ('arbor', '树', 'tree', 16, 1025, NULL, NULL);
INSERT INTO `wordroot` VALUES ('arc,arch', '弓', 'bow', 22, 1026, NULL, NULL);
INSERT INTO `wordroot` VALUES ('archi', '首领', 'chief', 17, 1027, NULL, NULL);
INSERT INTO `wordroot` VALUES ('arct', '熊', 'bear', 16, 1028, NULL, NULL);
INSERT INTO `wordroot` VALUES ('ardu', '困难的', 'difficult', 25, 1029, NULL, NULL);
INSERT INTO `wordroot` VALUES ('aren', '沙', 'sand', 15, 1030, NULL, NULL);
INSERT INTO `wordroot` VALUES ('arom', '香料', 'spice', 26, 1031, NULL, NULL);
INSERT INTO `wordroot` VALUES ('articul', '关节', 'joint', 26, 1032, NULL, NULL);
INSERT INTO `wordroot` VALUES ('asin', '驴', 'ass', 16, 1033, NULL, NULL);
INSERT INTO `wordroot` VALUES ('asper', '粗糙的', 'rough', 25, 1034, NULL, NULL);
INSERT INTO `wordroot` VALUES ('asthm', '绘画', 'panting', 22, 1035, NULL, NULL);
INSERT INTO `wordroot` VALUES ('atmo', '水蒸气', 'vapor', 15, 1036, NULL, NULL);
INSERT INTO `wordroot` VALUES ('atroc', '残酷的', 'cruel', 25, 1037, NULL, NULL);
INSERT INTO `wordroot` VALUES ('aur', '金，金色', 'gold', 23, 1038, NULL, NULL);
INSERT INTO `wordroot` VALUES ('auster', '严厉的', 'severe', 25, 1039, NULL, NULL);
INSERT INTO `wordroot` VALUES ('austr', '南方', 'south', 26, 1040, NULL, NULL);
INSERT INTO `wordroot` VALUES ('auxili', '帮助', 'help', 24, 1041, NULL, NULL);
INSERT INTO `wordroot` VALUES ('avi,av,avar', '鸟', 'bird', 16, 1042, NULL, NULL);
INSERT INTO `wordroot` VALUES ('aval', '向下的', 'downward', 25, 1043, NULL, NULL);
INSERT INTO `wordroot` VALUES ('avar', '贪婪的', 'greedy', 25, 1044, NULL, NULL);
INSERT INTO `wordroot` VALUES ('axi', '值得的', 'worthy', 25, 1045, NULL, NULL);
INSERT INTO `wordroot` VALUES ('ball,bol', '舞会', 'dance,ball', 26, 1046, NULL, NULL);
INSERT INTO `wordroot` VALUES ('ball,bol', '投，掷', 'throw', 24, 1047, NULL, NULL);
INSERT INTO `wordroot` VALUES ('balm', '产香脂的花草，香脂', 'balsam', 26, 1048, NULL, NULL);
INSERT INTO `wordroot` VALUES ('bank', '长凳', 'bench', 22, 1049, NULL, NULL);
INSERT INTO `wordroot` VALUES ('barbar', '口吃', 'stammer', 24, 1050, NULL, NULL);
INSERT INTO `wordroot` VALUES ('barr', '条，块', 'bar', 26, 1051, NULL, NULL);
INSERT INTO `wordroot` VALUES ('barr', '粘贴', 'stick', 24, 1052, NULL, NULL);
INSERT INTO `wordroot` VALUES ('bas,base', '地基', 'foundation', 26, 1053, NULL, NULL);
INSERT INTO `wordroot` VALUES ('beat', '神圣的', 'blessed', 25, 1054, NULL, NULL);
INSERT INTO `wordroot` VALUES ('bever', '喝', 'drink', 24, 1055, NULL, NULL);
INSERT INTO `wordroot` VALUES ('bey', '期望，要求', 'expect', 24, 1056, NULL, NULL);
INSERT INTO `wordroot` VALUES ('bias', '倾斜', 'slant', 24, 1057, NULL, NULL);
INSERT INTO `wordroot` VALUES ('bio,bi', '生活，生命', 'life', 26, 1058, NULL, NULL);
INSERT INTO `wordroot` VALUES ('blas', '损害', 'damage', 24, 1059, NULL, NULL);
INSERT INTO `wordroot` VALUES ('blem', '弄脏', 'stain', 24, 1060, NULL, NULL);
INSERT INTO `wordroot` VALUES ('bombast', '棉，棉花', 'cotton', 16, 1061, NULL, NULL);
INSERT INTO `wordroot` VALUES ('bon', '好的', 'good', 25, 1062, NULL, NULL);
INSERT INTO `wordroot` VALUES ('bor', '居民', 'dweller', 17, 1063, NULL, NULL);
INSERT INTO `wordroot` VALUES ('bord', '面，边', 'side', 26, 1064, NULL, NULL);
INSERT INTO `wordroot` VALUES ('bosc', '喂养', 'feed', 24, 1065, NULL, NULL);
INSERT INTO `wordroot` VALUES ('botan', '药草', 'herb', 16, 1066, NULL, NULL);
INSERT INTO `wordroot` VALUES ('bouch', '嘴，口', 'mouth', 17, 1067, NULL, NULL);
INSERT INTO `wordroot` VALUES ('bov', '牛', 'ox', 16, 1068, NULL, NULL);
INSERT INTO `wordroot` VALUES ('brace', '双臂', 'two arms', 17, 1069, NULL, NULL);
INSERT INTO `wordroot` VALUES ('brack', '呕吐', 'vomit', 24, 1070, NULL, NULL);
INSERT INTO `wordroot` VALUES ('braid', '扭曲', 'twist', 24, 1071, NULL, NULL);
INSERT INTO `wordroot` VALUES ('broch', '刺穿', 'pierce', 24, 1072, NULL, NULL);
INSERT INTO `wordroot` VALUES ('bry', '发芽', 'sprout', 24, 1073, NULL, NULL);
INSERT INTO `wordroot` VALUES ('bu', '牛', 'ox', 16, 1074, NULL, NULL);
INSERT INTO `wordroot` VALUES ('burl', '笑柄', 'mockery', 26, 1075, NULL, NULL);
INSERT INTO `wordroot` VALUES ('byss', '底部', 'bottom', 26, 1076, NULL, NULL);
INSERT INTO `wordroot` VALUES ('cad,cas,cid', '落下，跌倒', 'fall', 24, 1077, NULL, NULL);
INSERT INTO `wordroot` VALUES ('cadaver', '尸体', 'corpse', 17, 1078, NULL, NULL);
INSERT INTO `wordroot` VALUES ('cal', '美丽的', 'beautiful', 25, 1079, NULL, NULL);
INSERT INTO `wordroot` VALUES ('calam', '不幸', 'misfortune', 26, 1080, NULL, NULL);
INSERT INTO `wordroot` VALUES ('calend', '星期日', 'first day', 26, 1081, NULL, NULL);
INSERT INTO `wordroot` VALUES ('calori', '热，温度', 'heat', 26, 1082, NULL, NULL);
INSERT INTO `wordroot` VALUES ('can', '狗', 'dog', 16, 1083, NULL, NULL);
INSERT INTO `wordroot` VALUES ('cand', '白色', 'white', 23, 1084, NULL, NULL);
INSERT INTO `wordroot` VALUES ('cant,cent', '唱歌', 'sing,song', 24, 1085, NULL, NULL);
INSERT INTO `wordroot` VALUES ('cap,capt,cept,ceive,cip,cup', '抓住', 'take,hold,seize', 24, 1086, NULL, NULL);
INSERT INTO `wordroot` VALUES ('cap,cipit', '头', 'head', 17, 1087, NULL, NULL);
INSERT INTO `wordroot` VALUES ('capr', '山羊，色狼', 'goat', 16, 1088, NULL, NULL);
INSERT INTO `wordroot` VALUES ('caps', '盒，箱', 'box', 22, 1089, NULL, NULL);
INSERT INTO `wordroot` VALUES ('car,char', '亲爱的', 'dear', 25, 1090, NULL, NULL);
INSERT INTO `wordroot` VALUES ('carcer', '监狱', 'prison', 20, 1091, NULL, NULL);
INSERT INTO `wordroot` VALUES ('card,chart', '纸', 'paper', 22, 1092, NULL, NULL);
INSERT INTO `wordroot` VALUES ('caric', '负担', 'load', 26, 1093, NULL, NULL);
INSERT INTO `wordroot` VALUES ('carn', '肉', 'flesh', 19, 1094, NULL, NULL);
INSERT INTO `wordroot` VALUES ('cast', '纯的', 'pure', 25, 1095, NULL, NULL);
INSERT INTO `wordroot` VALUES ('caten', '链条', 'chain', 22, 1096, NULL, NULL);
INSERT INTO `wordroot` VALUES ('caul', '茎', 'stem', 16, 1098, NULL, NULL);
INSERT INTO `wordroot` VALUES ('caust', '燃烧', 'burn', 24, 1099, NULL, NULL);
INSERT INTO `wordroot` VALUES ('ceal', '隐藏', 'hide', 24, 1100, NULL, NULL);
INSERT INTO `wordroot` VALUES ('celeber', '荣誉', 'honor', 26, 1101, NULL, NULL);
INSERT INTO `wordroot` VALUES ('celer', '快的', 'quick,speed', 25, 1102, NULL, NULL);
INSERT INTO `wordroot` VALUES ('celib', '单一的', 'single', 25, 1103, NULL, NULL);
INSERT INTO `wordroot` VALUES ('cem', '睡觉', 'sleep', 24, 1104, NULL, NULL);
INSERT INTO `wordroot` VALUES ('ceram', '地球', 'earth', 15, 1105, NULL, NULL);
INSERT INTO `wordroot` VALUES ('cerebr', '脑', 'brain', 17, 1106, NULL, NULL);
INSERT INTO `wordroot` VALUES ('cern,cert,cret', '的确', 'sure', 25, 1107, NULL, NULL);
INSERT INTO `wordroot` VALUES ('cern,cert,cret', '分开', 'separate', 24, 1108, NULL, NULL);
INSERT INTO `wordroot` VALUES ('cess', '停止', 'stop', 24, 1109, NULL, NULL);
INSERT INTO `wordroot` VALUES ('cher', '亲爱的', 'dear', 25, 1111, NULL, NULL);
INSERT INTO `wordroot` VALUES ('chondr', '软骨', 'cartilage', 16, 1112, NULL, NULL);
INSERT INTO `wordroot` VALUES ('chor', '跳舞，唱歌', 'dance,sing', 24, 1113, NULL, NULL);
INSERT INTO `wordroot` VALUES ('cid,cis', '切，杀', 'cut,kill', 24, 1114, NULL, NULL);
INSERT INTO `wordroot` VALUES ('cla', '打破', 'break', 24, 1116, NULL, NULL);
INSERT INTO `wordroot` VALUES ('clin,cliv', '倾斜', 'lean,slope', 24, 1118, NULL, NULL);
INSERT INTO `wordroot` VALUES ('clys', '猛冲，猛撞', 'dash', 24, 1119, NULL, NULL);
INSERT INTO `wordroot` VALUES ('cogit', '思考', 'think', 24, 1120, NULL, NULL);
INSERT INTO `wordroot` VALUES ('col', '拉紧', 'strain', 24, 1121, NULL, NULL);
INSERT INTO `wordroot` VALUES ('coll', '脖子', 'neck', 17, 1122, NULL, NULL);
INSERT INTO `wordroot` VALUES ('com', '睡觉', 'sleep', 24, 1123, NULL, NULL);
INSERT INTO `wordroot` VALUES ('contamin', '污染', 'pollute', 24, 1124, NULL, NULL);
INSERT INTO `wordroot` VALUES ('cop', '丰盛', 'abundence', 26, 1125, NULL, NULL);
INSERT INTO `wordroot` VALUES ('cori', '皮肤', 'skin', 17, 1126, NULL, NULL);
INSERT INTO `wordroot` VALUES ('corrig', '正确的', 'correct', 25, 1127, NULL, NULL);
INSERT INTO `wordroot` VALUES ('corusc', '闪耀', 'glitter', 24, 1128, NULL, NULL);
INSERT INTO `wordroot` VALUES ('cost', '一边，一侧', 'side', 26, 1129, NULL, NULL);
INSERT INTO `wordroot` VALUES ('cracy', '规则', 'rule', 26, 1130, NULL, NULL);
INSERT INTO `wordroot` VALUES ('cras', '混合', 'mixing', 26, 1131, NULL, NULL);
INSERT INTO `wordroot` VALUES ('cre,creas', '成长，制作', 'grow,make', 24, 1132, NULL, NULL);
INSERT INTO `wordroot` VALUES ('creas', '肉', 'flesh', 19, 1133, NULL, NULL);
INSERT INTO `wordroot` VALUES ('crepit', '爆发', 'burst', 24, 1134, NULL, NULL);
INSERT INTO `wordroot` VALUES ('crimin', '罪行', 'crime', 26, 1135, NULL, NULL);
INSERT INTO `wordroot` VALUES ('cruc,crus,curx', '交叉，穿越', 'cross', 24, 1136, NULL, NULL);
INSERT INTO `wordroot` VALUES ('crust', '外壳', 'shell', 26, 1138, NULL, NULL);
INSERT INTO `wordroot` VALUES ('culin', '厨房', 'kitchen', 20, 1139, NULL, NULL);
INSERT INTO `wordroot` VALUES ('culmin', '顶，顶部', 'top', 26, 1140, NULL, NULL);
INSERT INTO `wordroot` VALUES ('cup', '欲望', 'desire', 26, 1141, NULL, NULL);
INSERT INTO `wordroot` VALUES ('cur', '关心', 'care', 24, 1142, NULL, NULL);
INSERT INTO `wordroot` VALUES ('curt', '短的', 'short', 25, 1143, NULL, NULL);
INSERT INTO `wordroot` VALUES ('custod', '保卫，警卫', 'guard', 17, 1144, NULL, NULL);
INSERT INTO `wordroot` VALUES ('custom', '习惯', 'habit', 26, 1145, NULL, NULL);
INSERT INTO `wordroot` VALUES ('cylind', '滚动', 'roll', 24, 1146, NULL, NULL);
INSERT INTO `wordroot` VALUES ('cyn', '狗', 'dog', 16, 1147, NULL, NULL);
INSERT INTO `wordroot` VALUES ('dadin', '开玩笑', 'jest', 24, 1148, NULL, NULL);
INSERT INTO `wordroot` VALUES ('dama', '占领', 'conquer', 24, 1149, NULL, NULL);
INSERT INTO `wordroot` VALUES ('de', '神', 'god', 17, 1150, NULL, NULL);
INSERT INTO `wordroot` VALUES ('deb', '欠，归因于', 'owe', 24, 1151, NULL, NULL);
INSERT INTO `wordroot` VALUES ('debil', '虚弱的', 'weak', 25, 1152, NULL, NULL);
INSERT INTO `wordroot` VALUES ('delect', '愉快', 'delight', 26, 1153, NULL, NULL);
INSERT INTO `wordroot` VALUES ('delir', '疯狂的', 'mad', 25, 1154, NULL, NULL);
INSERT INTO `wordroot` VALUES ('demn', '伤害', 'harm', 24, 1155, NULL, NULL);
INSERT INTO `wordroot` VALUES ('deterior', '更糟的', 'worse', 25, 1156, NULL, NULL);
INSERT INTO `wordroot` VALUES ('didact', '教育，训练', 'teach', 24, 1157, NULL, NULL);
INSERT INTO `wordroot` VALUES ('digit', '手指', 'finger', 17, 1158, NULL, NULL);
INSERT INTO `wordroot` VALUES ('dign', '高尚的', 'worthy,noble', 25, 1159, NULL, NULL);
INSERT INTO `wordroot` VALUES ('dogm', '意见', 'opinion', 26, 1160, NULL, NULL);
INSERT INTO `wordroot` VALUES ('dole', '使伤心', 'grieve', 24, 1161, NULL, NULL);
INSERT INTO `wordroot` VALUES ('dot', '给', 'give', 24, 1162, NULL, NULL);
INSERT INTO `wordroot` VALUES ('dox', '意见', 'opinion', 26, 1163, NULL, NULL);
INSERT INTO `wordroot` VALUES ('dra', '执行，工作', 'perform', 24, 1164, NULL, NULL);
INSERT INTO `wordroot` VALUES ('du,dub,doub', '二', 'two', 26, 1165, NULL, NULL);
INSERT INTO `wordroot` VALUES ('dubi', '可疑的', 'doubtful', 25, 1166, NULL, NULL);
INSERT INTO `wordroot` VALUES ('ebri', '醉酒的', 'drunken', 25, 1167, NULL, NULL);
INSERT INTO `wordroot` VALUES ('eleg', '哀叹', 'lament', 24, 1168, NULL, NULL);
INSERT INTO `wordroot` VALUES ('emul', '相等的', 'equal', 25, 1169, NULL, NULL);
INSERT INTO `wordroot` VALUES ('em,empt,ampl', '获取', 'take,procure', 24, 1170, NULL, NULL);
INSERT INTO `wordroot` VALUES ('ent', '存在', 'being', 26, 1171, NULL, NULL);
INSERT INTO `wordroot` VALUES ('entom', '昆虫', 'insect', 16, 1172, NULL, NULL);
INSERT INTO `wordroot` VALUES ('equ', '马', 'horse', 16, 1173, NULL, NULL);
INSERT INTO `wordroot` VALUES ('erg,ert', '能量，工作', 'energy,work', 26, 1174, NULL, NULL);
INSERT INTO `wordroot` VALUES ('err', '漫步', 'wander', 24, 1176, NULL, NULL);
INSERT INTO `wordroot` VALUES ('ert', '垂直的', 'erect', 24, 1177, NULL, NULL);
INSERT INTO `wordroot` VALUES ('escal', '梯子', 'ladder', 22, 1178, NULL, NULL);
INSERT INTO `wordroot` VALUES ('esoter', '内部的', 'inner', 25, 1179, NULL, NULL);
INSERT INTO `wordroot` VALUES ('estim', '价值', 'value', 26, 1180, NULL, NULL);
INSERT INTO `wordroot` VALUES ('etymo', '真实的', 'true', 25, 1181, NULL, NULL);
INSERT INTO `wordroot` VALUES ('extr,extre,exter', '在外', 'out', 25, 1182, NULL, NULL);
INSERT INTO `wordroot` VALUES ('fac,fic', '脸，面', 'face', 17, 1183, NULL, NULL);
INSERT INTO `wordroot` VALUES ('fall,fail,fault', '犯错误，欺骗', 'err,deceive', 24, 1184, NULL, NULL);
INSERT INTO `wordroot` VALUES ('fam', '饥饿', 'hunger', 26, 1185, NULL, NULL);
INSERT INTO `wordroot` VALUES ('fan', '寺庙', 'temple', 20, 1186, NULL, NULL);
INSERT INTO `wordroot` VALUES ('fascin', '使陶醉', 'enchant', 24, 1187, NULL, NULL);
INSERT INTO `wordroot` VALUES ('fatig', '疲倦的', 'weary', 25, 1188, NULL, NULL);
INSERT INTO `wordroot` VALUES ('fatu', '愚蠢的', 'silly', 25, 1189, NULL, NULL);
INSERT INTO `wordroot` VALUES ('fecund', '水果', 'fruit', 19, 1190, NULL, NULL);
INSERT INTO `wordroot` VALUES ('felic', '快乐的', 'happy', 25, 1191, NULL, NULL);
INSERT INTO `wordroot` VALUES ('fer', '野生的', 'wild', 25, 1192, NULL, NULL);
INSERT INTO `wordroot` VALUES ('fest', '敌对的', 'hostile', 25, 1193, NULL, NULL);
INSERT INTO `wordroot` VALUES ('fiagell', '鞭打，责备', 'whip', 24, 1194, NULL, NULL);
INSERT INTO `wordroot` VALUES ('fid', '信任，信念', 'trust,faith', 26, 1195, NULL, NULL);
INSERT INTO `wordroot` VALUES ('fil,fili', '线，思绪', 'thread', 22, 1196, NULL, NULL);
INSERT INTO `wordroot` VALUES ('fiss', '分裂', 'split', 24, 1197, NULL, NULL);
INSERT INTO `wordroot` VALUES ('fluctu', '波浪', 'wave', 15, 1198, NULL, NULL);
INSERT INTO `wordroot` VALUES ('for', '令人厌烦，钻，凿', 'bore', 24, 1199, NULL, NULL);
INSERT INTO `wordroot` VALUES ('form', '形状', 'shape', 26, 1200, NULL, NULL);
INSERT INTO `wordroot` VALUES ('fortu', '好运', 'luck', 26, 1201, NULL, NULL);
INSERT INTO `wordroot` VALUES ('found,foud', '基础，底座', 'base', 26, 1202, NULL, NULL);
INSERT INTO `wordroot` VALUES ('fract,frag', '打破', 'break', 24, 1203, NULL, NULL);
INSERT INTO `wordroot` VALUES ('fresc', '新鲜的', 'fresh', 25, 1205, NULL, NULL);
INSERT INTO `wordroot` VALUES ('fug', '逃走', 'flee', 24, 1206, NULL, NULL);
INSERT INTO `wordroot` VALUES ('fulmin', '打雷', 'thunder', 24, 1207, NULL, NULL);
INSERT INTO `wordroot` VALUES ('fum', '烟', 'smoke', 15, 1208, NULL, NULL);
INSERT INTO `wordroot` VALUES ('furc', '叉，餐叉', 'fork', 22, 1209, NULL, NULL);
INSERT INTO `wordroot` VALUES ('fus', '倒，倾倒', 'pour', 24, 1211, NULL, NULL);
INSERT INTO `wordroot` VALUES ('gain', '反对，违反', 'against', 24, 1212, NULL, NULL);
INSERT INTO `wordroot` VALUES ('galax', '乳汁，牛奶', 'milk', 19, 1213, NULL, NULL);
INSERT INTO `wordroot` VALUES ('gam,gamy', '结婚，婚姻', 'marriage', 17, 1214, NULL, NULL);
INSERT INTO `wordroot` VALUES ('gamb', '腿', 'leg', 17, 1215, NULL, NULL);
INSERT INTO `wordroot` VALUES ('gar,garn', '布置，提供', 'furnish', 24, 1216, NULL, NULL);
INSERT INTO `wordroot` VALUES ('garr', '唠叨', 'chatter', 24, 1217, NULL, NULL);
INSERT INTO `wordroot` VALUES ('genu', '膝盖', 'knee', 17, 1218, NULL, NULL);
INSERT INTO `wordroot` VALUES ('ger', '熊，忍受', 'bear', 16, 1219, NULL, NULL);
INSERT INTO `wordroot` VALUES ('germ', '种子', 'seed', 16, 1220, NULL, NULL);
INSERT INTO `wordroot` VALUES ('gest,gister', '拿，带', 'carry,bring', 24, 1221, NULL, NULL);
INSERT INTO `wordroot` VALUES ('glomer', '球', 'ball', 22, 1222, NULL, NULL);
INSERT INTO `wordroot` VALUES ('glut', '吞食', 'devour', 24, 1223, NULL, NULL);
INSERT INTO `wordroot` VALUES ('gnomin', '名称', 'name', 26, 1224, NULL, NULL);
INSERT INTO `wordroot` VALUES ('gnos,gnost,gnor', '知道', 'know', 24, 1225, NULL, NULL);
INSERT INTO `wordroot` VALUES ('gno', '角', 'angle', 16, 1226, NULL, NULL);
INSERT INTO `wordroot` VALUES ('gorg', '咽喉', 'throat', 17, 1227, NULL, NULL);
INSERT INTO `wordroot` VALUES ('gress', '去，走', 'go,walk', 24, 1228, NULL, NULL);
INSERT INTO `wordroot` VALUES ('gymn ', '裸体的', 'naked', 25, 1229, NULL, NULL);
INSERT INTO `wordroot` VALUES ('harm', '适合的', 'fitting', 25, 1230, NULL, NULL);
INSERT INTO `wordroot` VALUES ('haught', '高的，高尚的', 'high', 25, 1231, NULL, NULL);
INSERT INTO `wordroot` VALUES ('haust', '打水', 'draw water', 24, 1232, NULL, NULL);
INSERT INTO `wordroot` VALUES ('hav', '有，拥有', 'possess', 24, 1233, NULL, NULL);
INSERT INTO `wordroot` VALUES ('head', '头', 'head', 17, 1234, NULL, NULL);
INSERT INTO `wordroot` VALUES ('hein', '讨厌的', 'odious', 25, 1235, NULL, NULL);
INSERT INTO `wordroot` VALUES ('hom', '男人，人类', 'man', 17, 1236, NULL, NULL);
INSERT INTO `wordroot` VALUES ('hor,horr', '战栗、恐惧', 'shudder,dread', 24, 1237, NULL, NULL);
INSERT INTO `wordroot` VALUES ('hum', '地球', 'earth', 15, 1238, NULL, NULL);
INSERT INTO `wordroot` VALUES ('hum', '潮湿的', 'moist', 25, 1239, NULL, NULL);
INSERT INTO `wordroot` VALUES ('icon', '图像', 'image', 26, 1240, NULL, NULL);
INSERT INTO `wordroot` VALUES ('idol', '图像', 'image', 26, 1241, NULL, NULL);
INSERT INTO `wordroot` VALUES ('imag,imit', '想象', 'imagine', 24, 1242, NULL, NULL);
INSERT INTO `wordroot` VALUES ('imag,imit', '相似性', 'likeness', 26, 1243, NULL, NULL);
INSERT INTO `wordroot` VALUES ('incip', '开始，启动', 'begin', 24, 1244, NULL, NULL);
INSERT INTO `wordroot` VALUES ('initi', '开始，根源', 'beginning', 26, 1245, NULL, NULL);
INSERT INTO `wordroot` VALUES ('intim', '内心深处的', 'inmost', 25, 1246, NULL, NULL);
INSERT INTO `wordroot` VALUES ('isthm', '狭窄通道', 'narrow pass', 26, 1247, NULL, NULL);
INSERT INTO `wordroot` VALUES ('jac', '躺，说谎', 'lie', 24, 1248, NULL, NULL);
INSERT INTO `wordroot` VALUES ('jacul', '标枪', 'javelin', 22, 1249, NULL, NULL);
INSERT INTO `wordroot` VALUES ('joc', '玩笑', 'joke', 26, 1250, NULL, NULL);
INSERT INTO `wordroot` VALUES ('jubil', '呼喊', 'shout of joy', 24, 1251, NULL, NULL);
INSERT INTO `wordroot` VALUES ('judg,judic', '评判', 'judge', 24, 1252, NULL, NULL);
INSERT INTO `wordroot` VALUES ('jug', '束缚', 'yoke', 26, 1253, NULL, NULL);
INSERT INTO `wordroot` VALUES ('jur,juris', '法律', 'law', 26, 1254, NULL, NULL);
INSERT INTO `wordroot` VALUES ('juven', '年幼的，青年的', 'young', 25, 1255, NULL, NULL);
INSERT INTO `wordroot` VALUES ('lacer', '撕碎', 'torn', 24, 1256, NULL, NULL);
INSERT INTO `wordroot` VALUES ('lact', '乳汁，牛奶', 'milk', 19, 1257, NULL, NULL);
INSERT INTO `wordroot` VALUES ('langu', '微弱的', 'faint', 25, 1258, NULL, NULL);
INSERT INTO `wordroot` VALUES ('lass', '疲倦的', 'weary', 25, 1259, NULL, NULL);
INSERT INTO `wordroot` VALUES ('lat', '宽的', 'wide', 25, 1260, NULL, NULL);
INSERT INTO `wordroot` VALUES ('later', '侧面，旁边', 'side', 26, 1261, NULL, NULL);
INSERT INTO `wordroot` VALUES ('laud', '赞扬', 'praise', 24, 1262, NULL, NULL);
INSERT INTO `wordroot` VALUES ('lav,luv,lut', '清洗', 'wash', 24, 1263, NULL, NULL);
INSERT INTO `wordroot` VALUES ('lect,leg', '说，读', 'speak,read', 24, 1264, NULL, NULL);
INSERT INTO `wordroot` VALUES ('lemma', '论点', 'argument', 26, 1265, NULL, NULL);
INSERT INTO `wordroot` VALUES ('lent', '释放，松开', 'loose', 24, 1266, NULL, NULL);
INSERT INTO `wordroot` VALUES ('lev,live', '举起，放轻松', 'raise,lighten', 24, 1267, NULL, NULL);
INSERT INTO `wordroot` VALUES ('lex,lexic', '言语', 'word,speech', 26, 1268, NULL, NULL);
INSERT INTO `wordroot` VALUES ('licen', '允许', 'allow', 24, 1269, NULL, NULL);
INSERT INTO `wordroot` VALUES ('lign', '木材', 'wood', 16, 1270, NULL, NULL);
INSERT INTO `wordroot` VALUES ('lim,limin', '门槛', 'threshold', 26, 1271, NULL, NULL);
INSERT INTO `wordroot` VALUES ('line', '线', 'line', 22, 1272, NULL, NULL);
INSERT INTO `wordroot` VALUES ('loft', '天，天空', 'sky', 26, 1273, NULL, NULL);
INSERT INTO `wordroot` VALUES ('log,logu,locut', '说话', 'speak', 24, 1274, 'None', '1、analogy[ana 在旁边 + log 说话 + y 表行为→ 放在旁边说]类比；类似\n2、apologue[apo 离开 + logu 说话 + e → 远离〔现实〕的话 ]寓言\n3、colloquy[col 共同 + loqu 说话 + y 表名词 → 共同说]谈话\n4、locution[locu 说话 + tion 表名词 ]语言风格；惯用语');
INSERT INTO `wordroot` VALUES ('logy,ology', '科学，学科', 'science', 26, 1275, NULL, NULL);
INSERT INTO `wordroot` VALUES ('lop', '跑', 'run', 24, 1276, NULL, NULL);
INSERT INTO `wordroot` VALUES ('loqu,locu', '说话', 'speak', 24, 1277, NULL, NULL);
INSERT INTO `wordroot` VALUES ('lubric', '滑倒，滑落', 'slip', 24, 1278, NULL, NULL);
INSERT INTO `wordroot` VALUES ('luc', '光，光线', 'light', 15, 1279, NULL, NULL);
INSERT INTO `wordroot` VALUES ('luc,lust', '发光', 'light,shine', 24, 1280, NULL, NULL);
INSERT INTO `wordroot` VALUES ('lug', '哀悼', 'mourn', 24, 1281, NULL, NULL);
INSERT INTO `wordroot` VALUES ('lumin', '光，光线', 'light', 15, 1282, NULL, NULL);
INSERT INTO `wordroot` VALUES ('lustr', '光，光线', 'light', 15, 1284, NULL, NULL);
INSERT INTO `wordroot` VALUES ('lyr', '琵琶', 'lute', 22, 1285, NULL, NULL);
INSERT INTO `wordroot` VALUES ('lys,lysis', '发生故障', 'break down', 24, 1286, NULL, NULL);
INSERT INTO `wordroot` VALUES ('mach,mech', '机器', 'machine', 22, 1287, NULL, NULL);
INSERT INTO `wordroot` VALUES ('maci', '倾斜，依靠', 'lean', 24, 1288, NULL, NULL);
INSERT INTO `wordroot` VALUES ('maj', '伟大的，巨大的', 'great', 25, 1289, NULL, NULL);
INSERT INTO `wordroot` VALUES ('mall', '锤子', 'hammer', 22, 1290, NULL, NULL);
INSERT INTO `wordroot` VALUES ('mari', '大海', 'sea', 15, 1291, NULL, NULL);
INSERT INTO `wordroot` VALUES ('mark', '签名', 'sign', 24, 1292, NULL, NULL);
INSERT INTO `wordroot` VALUES ('mart', '死亡', 'death', 26, 1293, NULL, NULL);
INSERT INTO `wordroot` VALUES ('mascul', '男性的', 'male', 25, 1294, NULL, NULL);
INSERT INTO `wordroot` VALUES ('mastic', '咀嚼', 'chew', 24, 1295, NULL, NULL);
INSERT INTO `wordroot` VALUES ('matin', '早晨', 'morning', 26, 1296, NULL, NULL);
INSERT INTO `wordroot` VALUES ('me', '去，走', 'go', 24, 1297, NULL, NULL);
INSERT INTO `wordroot` VALUES ('med,medi', '中间的，中央的', 'middle', 25, 1298, NULL, NULL);
INSERT INTO `wordroot` VALUES ('medl', '混合', 'mix', 24, 1300, NULL, NULL);
INSERT INTO `wordroot` VALUES ('melior', '较好的', 'better', 25, 1301, NULL, NULL);
INSERT INTO `wordroot` VALUES ('mendic', '乞求', 'beg', 24, 1302, NULL, NULL);
INSERT INTO `wordroot` VALUES ('mer', '湖泊', 'lake', 15, 1303, NULL, NULL);
INSERT INTO `wordroot` VALUES ('merc,merch', '贸易', 'trade', 26, 1304, NULL, NULL);
INSERT INTO `wordroot` VALUES ('meter,metr,meas,mens', '测量', 'measure', 24, 1305, NULL, NULL);
INSERT INTO `wordroot` VALUES ('mob', '移动', 'move', 24, 1307, NULL, NULL);
INSERT INTO `wordroot` VALUES ('mol', '堆', 'heap', 26, 1308, NULL, NULL);
INSERT INTO `wordroot` VALUES ('mol', '一餐，早餐', 'meal', 19, 1309, NULL, NULL);
INSERT INTO `wordroot` VALUES ('moll', '柔软的', 'soft', 25, 1310, NULL, NULL);
INSERT INTO `wordroot` VALUES ('mon,monit', '警告', 'warn', 24, 1311, NULL, NULL);
INSERT INTO `wordroot` VALUES ('morb', '疾病', 'disease', 26, 1312, NULL, NULL);
INSERT INTO `wordroot` VALUES ('morph', '锋利的', 'sharp', 25, 1313, NULL, NULL);
INSERT INTO `wordroot` VALUES ('mounce,nunci', '说话', 'speak', 24, 1315, NULL, NULL);
INSERT INTO `wordroot` VALUES ('mount', '上升', 'ascend', 24, 1316, NULL, NULL);
INSERT INTO `wordroot` VALUES ('mus', '沉思，冥想', 'muse', 24, 1317, NULL, NULL);
INSERT INTO `wordroot` VALUES ('nebul', '云', 'cloud', 15, 1318, NULL, NULL);
INSERT INTO `wordroot` VALUES ('nec', '杀死，弄死', 'kill', 24, 1319, NULL, NULL);
INSERT INTO `wordroot` VALUES ('neg,negat', '否认', 'deny', 24, 1320, NULL, NULL);
INSERT INTO `wordroot` VALUES ('neur', '神经，勇气', 'nerve', 26, 1321, NULL, NULL);
INSERT INTO `wordroot` VALUES ('nost', '家', 'home', 20, 1322, NULL, NULL);
INSERT INTO `wordroot` VALUES ('opt', '光线', 'light', 15, 1323, NULL, NULL);
INSERT INTO `wordroot` VALUES ('norma', '规则', 'rule', 26, 1324, NULL, NULL);
INSERT INTO `wordroot` VALUES ('noster', '我们的', 'ours', 25, 1325, NULL, NULL);
INSERT INTO `wordroot` VALUES ('notare', '标记，注释', 'to mark,note', 24, 1326, NULL, NULL);
INSERT INTO `wordroot` VALUES ('novus,nov,nou', '新的，新鲜的', 'new,fresh', 25, 1327, NULL, NULL);
INSERT INTO `wordroot` VALUES ('nox,noct', '夜晚', 'night', 26, 1328, NULL, NULL);
INSERT INTO `wordroot` VALUES ('nullus,nul,null', '没有', 'not any,none', 25, 1329, NULL, NULL);
INSERT INTO `wordroot` VALUES ('numisma', '钱币', 'a coin', 22, 1330, NULL, NULL);
INSERT INTO `wordroot` VALUES ('nuntiare', '宣布', 'to announce', 24, 1331, NULL, NULL);
INSERT INTO `wordroot` VALUES ('nucella,nux,nuc', '坚果', 'nut', 19, 1334, NULL, NULL);
INSERT INTO `wordroot` VALUES ('nutiare,nounc,nunc', '报告', 'to report,tell', 24, 1333, NULL, NULL);
INSERT INTO `wordroot` VALUES ('obliterare', '抹去', 'to blot out', 24, 1335, NULL, NULL);
INSERT INTO `wordroot` VALUES ('obscurus', '掩盖', 'covered over', 24, 1336, NULL, NULL);
INSERT INTO `wordroot` VALUES ('obstare', '反对', 'to stand against,oppose', 24, 1337, NULL, NULL);
INSERT INTO `wordroot` VALUES ('obviare', '防止', 'to prevent', 24, 1338, NULL, NULL);
INSERT INTO `wordroot` VALUES ('oculus', '眼睛', 'eye', 17, 1339, NULL, NULL);
INSERT INTO `wordroot` VALUES ('odium', '仇恨', 'hatred', 26, 1340, NULL, NULL);
INSERT INTO `wordroot` VALUES ('officius', '工作', 'to do work', 24, 1341, NULL, NULL);
INSERT INTO `wordroot` VALUES ('ominosus', '凶兆', 'evil omen', 26, 1342, NULL, NULL);
INSERT INTO `wordroot` VALUES ('omnis,omni', '全部的，整体的', 'all', 25, 1343, NULL, NULL);
INSERT INTO `wordroot` VALUES ('onus,oner', '负担', 'burden', 26, 1344, NULL, NULL);
INSERT INTO `wordroot` VALUES ('opacus', '阴暗的', 'shady dark', 25, 1345, NULL, NULL);
INSERT INTO `wordroot` VALUES ('opponere,oppositus', '反对', 'against', 24, 1346, NULL, NULL);
INSERT INTO `wordroot` VALUES ('optare', '选择', 'choose', 24, 1347, NULL, NULL);
INSERT INTO `wordroot` VALUES ('opus,oper', '工作', 'work', 24, 1348, NULL, NULL);
INSERT INTO `wordroot` VALUES ('orbit', '圆圈', 'circle', 26, 1349, NULL, NULL);
INSERT INTO `wordroot` VALUES ('oscul', '吻', 'kiss', 24, 1350, NULL, NULL);
INSERT INTO `wordroot` VALUES ('ostens', '显得，出现', 'appear', 24, 1351, NULL, NULL);
INSERT INTO `wordroot` VALUES ('ostrac', '瓦片', 'tile', 22, 1352, NULL, NULL);
INSERT INTO `wordroot` VALUES ('ov', '呼喊', 'shout', 24, 1353, NULL, NULL);
INSERT INTO `wordroot` VALUES ('pachy', '厚的，粗的', 'thick', 25, 1354, NULL, NULL);
INSERT INTO `wordroot` VALUES ('pan', '面包', 'bread', 19, 1355, NULL, NULL);
INSERT INTO `wordroot` VALUES ('par', '产生', 'bring forth', 24, 1356, NULL, NULL);
INSERT INTO `wordroot` VALUES ('par', '相等的，相同的', 'equal', 25, 1357, NULL, NULL);
INSERT INTO `wordroot` VALUES ('par,pear', '看见', 'come in sight', 24, 1358, NULL, NULL);
INSERT INTO `wordroot` VALUES ('pass', '穿过', 'pass through', 24, 1359, NULL, NULL);
INSERT INTO `wordroot` VALUES ('ped', '教育', 'education', 26, 1360, NULL, NULL);
INSERT INTO `wordroot` VALUES ('pen,pun', '处罚', 'penalty', 26, 1361, NULL, NULL);
INSERT INTO `wordroot` VALUES ('pend,pens,pond', '重量，支出', 'weight,expend', 26, 1362, NULL, NULL);
INSERT INTO `wordroot` VALUES ('peri', '尝试', 'try', 24, 1363, NULL, NULL);
INSERT INTO `wordroot` VALUES ('pet', '寻找', 'seek', 24, 1364, NULL, NULL);
INSERT INTO `wordroot` VALUES ('ping', '系牢', 'fasten', 24, 1366, NULL, NULL);
INSERT INTO `wordroot` VALUES ('pinn', '山峰', 'peak', 15, 1367, NULL, NULL);
INSERT INTO `wordroot` VALUES ('plac', '蛤;蛤蜊;蚌', 'clam', 16, 1368, NULL, NULL);
INSERT INTO `wordroot` VALUES ('place', '位置', 'place', 26, 1369, NULL, NULL);
INSERT INTO `wordroot` VALUES ('plais', '请', 'please', 24, 1370, NULL, NULL);
INSERT INTO `wordroot` VALUES ('plas', '模具，模型', 'mold', 22, 1371, NULL, NULL);
INSERT INTO `wordroot` VALUES ('plat', '平的', 'flat', 25, 1372, NULL, NULL);
INSERT INTO `wordroot` VALUES ('pleb', '人，人民', 'people', 17, 1373, NULL, NULL);
INSERT INTO `wordroot` VALUES ('pleth', '人群，群众', 'crowd', 17, 1374, NULL, NULL);
INSERT INTO `wordroot` VALUES ('plod', '(群体或机构中的)要人，大拿', 'big noise', 17, 1375, NULL, NULL);
INSERT INTO `wordroot` VALUES ('ploy', '使用，涉及', 'use,involve', 24, 1376, NULL, NULL);
INSERT INTO `wordroot` VALUES ('plum', '羽毛', 'feather', 16, 1377, NULL, NULL);
INSERT INTO `wordroot` VALUES ('plumb', '领导，引导', 'lead', 24, 1378, NULL, NULL);
INSERT INTO `wordroot` VALUES ('pneumon', '肺', 'lung', 17, 1379, NULL, NULL);
INSERT INTO `wordroot` VALUES ('point,punt', '指向，使锋利', 'point,make sharp', 24, 1380, NULL, NULL);
INSERT INTO `wordroot` VALUES ('pol', '平整的，光滑的', 'smooth', 25, 1381, NULL, NULL);
INSERT INTO `wordroot` VALUES ('postul', '需要', 'demand', 24, 1382, NULL, NULL);
INSERT INTO `wordroot` VALUES ('pot', '喝', 'drink', 24, 1383, NULL, NULL);
INSERT INTO `wordroot` VALUES ('pragm', '行为', 'deed', 26, 1384, NULL, NULL);
INSERT INTO `wordroot` VALUES ('pris', '拿', 'take', 24, 1385, NULL, NULL);
INSERT INTO `wordroot` VALUES ('prob,prov', '检查，试验', 'test', 24, 1386, NULL, NULL);
INSERT INTO `wordroot` VALUES ('pud,pudi', '感到惭愧', 'feel shame', 24, 1388, NULL, NULL);
INSERT INTO `wordroot` VALUES ('puer', '男孩', 'body', 17, 1389, NULL, NULL);
INSERT INTO `wordroot` VALUES ('pulver', '灰尘', 'dust', 15, 1390, NULL, NULL);
INSERT INTO `wordroot` VALUES ('putr', '腐烂的', 'rotten', 25, 1392, NULL, NULL);
INSERT INTO `wordroot` VALUES ('quaint', '知道', 'know', 24, 1393, NULL, NULL);
INSERT INTO `wordroot` VALUES ('quarant', '四十', 'forty', 26, 1394, NULL, NULL);
INSERT INTO `wordroot` VALUES ('qui,quiet', '仍然，依旧，安静的', 'still', 25, 1395, NULL, NULL);
INSERT INTO `wordroot` VALUES ('rab', '愤怒', 'rage', 17, 1396, NULL, NULL);
INSERT INTO `wordroot` VALUES ('radi', '光线', 'ray', 15, 1397, NULL, NULL);
INSERT INTO `wordroot` VALUES ('rage', '疯狂的', 'mad', 25, 1398, NULL, NULL);
INSERT INTO `wordroot` VALUES ('ram', '树枝', 'branch', 16, 1399, NULL, NULL);
INSERT INTO `wordroot` VALUES ('range', '等级', 'rank', 26, 1400, NULL, NULL);
INSERT INTO `wordroot` VALUES ('rap,rapt,rav', '抢夺', 'snatch', 24, 1401, NULL, NULL);
INSERT INTO `wordroot` VALUES ('ras,rad', '刮，擦', 'scrape', 24, 1402, NULL, NULL);
INSERT INTO `wordroot` VALUES ('red,ris', '笑', 'laugh', 24, 1403, NULL, NULL);
INSERT INTO `wordroot` VALUES ('regn', '统治', 'reign', 24, 1404, NULL, NULL);
INSERT INTO `wordroot` VALUES ('remn', '保持', 'remain', 24, 1405, NULL, NULL);
INSERT INTO `wordroot` VALUES ('rend', '给', 'give', 24, 1406, NULL, NULL);
INSERT INTO `wordroot` VALUES ('rest', '停留，保持', 'stay', 24, 1407, NULL, NULL);
INSERT INTO `wordroot` VALUES ('retic', '沉默的', 'silent', 25, 1408, NULL, NULL);
INSERT INTO `wordroot` VALUES ('rever', '敬畏', 'awe', 24, 1409, NULL, NULL);
INSERT INTO `wordroot` VALUES ('rhe', '流，流动', 'flow', 24, 1410, NULL, NULL);
INSERT INTO `wordroot` VALUES ('rhythm', '节奏', 'rhythm', 26, 1411, NULL, NULL);
INSERT INTO `wordroot` VALUES ('robor', '力量', 'strength', 26, 1412, NULL, NULL);
INSERT INTO `wordroot` VALUES ('rub', '红色', 'red', 23, 1413, NULL, NULL);
INSERT INTO `wordroot` VALUES ('rug', '皱纹', 'wrinkle', 17, 1414, NULL, NULL);
INSERT INTO `wordroot` VALUES ('sacchar', '糖', 'sugar', 19, 1415, NULL, NULL);
INSERT INTO `wordroot` VALUES ('sacr', '神圣的', 'holy', 25, 1416, NULL, NULL);
INSERT INTO `wordroot` VALUES ('salu', '健康', 'health', 17, 1417, NULL, NULL);
INSERT INTO `wordroot` VALUES ('salv,save', '拯救', 'save', 24, 1418, NULL, NULL);
INSERT INTO `wordroot` VALUES ('sanat', '治愈', 'heal', 24, 1419, NULL, NULL);
INSERT INTO `wordroot` VALUES ('sanct', '神圣的', 'holy', 25, 1420, NULL, NULL);
INSERT INTO `wordroot` VALUES ('sap', '味道', 'taste', 26, 1421, NULL, NULL);
INSERT INTO `wordroot` VALUES ('scend,scens,scent', '攀登', 'climb', 24, 1422, NULL, NULL);
INSERT INTO `wordroot` VALUES ('sci', '知道', 'know', 24, 1423, NULL, NULL);
INSERT INTO `wordroot` VALUES ('secut,sequ', '跟随', 'follow', 24, 1425, NULL, NULL);
INSERT INTO `wordroot` VALUES ('sept', '腐烂的', 'rotten', 25, 1426, NULL, NULL);
INSERT INTO `wordroot` VALUES ('serr', '锯', 'saw', 22, 1427, NULL, NULL);
INSERT INTO `wordroot` VALUES ('set', '修理', 'fix', 24, 1428, NULL, NULL);
INSERT INTO `wordroot` VALUES ('sibil', '发嘘声', 'hiss', 24, 1429, NULL, NULL);
INSERT INTO `wordroot` VALUES ('sicc', '干燥的', 'dry', 25, 1430, NULL, NULL);
INSERT INTO `wordroot` VALUES ('sid', '坐', 'sit', 24, 1431, NULL, NULL);
INSERT INTO `wordroot` VALUES ('sider', '星', 'star', 15, 1432, NULL, NULL);
INSERT INTO `wordroot` VALUES ('sight', '视力', 'vision', 26, 1433, NULL, NULL);
INSERT INTO `wordroot` VALUES ('simil,simul,sembl,', '一模一样', 'alike,same', 25, 1434, NULL, NULL);
INSERT INTO `wordroot` VALUES ('sinu', '弯曲', 'bend', 24, 1435, NULL, NULL);
INSERT INTO `wordroot` VALUES ('sist', '站', 'stand', 24, 1436, NULL, NULL);
INSERT INTO `wordroot` VALUES ('som', '身体', 'body', 17, 1437, NULL, NULL);
INSERT INTO `wordroot` VALUES ('speci', '友善的', 'kind', 25, 1438, NULL, NULL);
INSERT INTO `wordroot` VALUES ('spin', '刺，荆棘', 'thorn', 16, 1439, NULL, NULL);
INSERT INTO `wordroot` VALUES ('stall', '地点，位置', 'place', 26, 1440, NULL, NULL);
INSERT INTO `wordroot` VALUES ('stetho', '胸部', 'chest', 17, 1441, NULL, NULL);
INSERT INTO `wordroot` VALUES ('stigma', '做记号', 'mark', 24, 1442, NULL, NULL);
INSERT INTO `wordroot` VALUES ('stitut,stit,', '准备', 'set up,place', 24, 1443, NULL, NULL);
INSERT INTO `wordroot` VALUES ('struct', '创建', 'build', 24, 1444, NULL, NULL);
INSERT INTO `wordroot` VALUES ('su', '跟随', 'follow', 24, 1445, NULL, NULL);
INSERT INTO `wordroot` VALUES ('succ', '果汁', 'juice', 19, 1446, NULL, NULL);
INSERT INTO `wordroot` VALUES ('sud', '汗水', 'sweat', 17, 1447, NULL, NULL);
INSERT INTO `wordroot` VALUES ('sume,sumpt', '拿', 'take', 24, 1448, NULL, NULL);
INSERT INTO `wordroot` VALUES ('sumptu', '费用', 'expense', 26, 1449, NULL, NULL);
INSERT INTO `wordroot` VALUES ('tabul', '木板', 'plank', 22, 1450, NULL, NULL);
INSERT INTO `wordroot` VALUES ('tach', '钉子', 'nail', 22, 1451, NULL, NULL);
INSERT INTO `wordroot` VALUES ('taph', '坟墓', 'tomb', 20, 1452, NULL, NULL);
INSERT INTO `wordroot` VALUES ('tauto', '相同的', 'same', 25, 1453, NULL, NULL);
INSERT INTO `wordroot` VALUES ('temn,tempt', '鄙视', 'scorn', 24, 1454, NULL, NULL);
INSERT INTO `wordroot` VALUES ('templ', '寺庙', 'temple', 20, 1455, NULL, NULL);
INSERT INTO `wordroot` VALUES ('tempt', '尝试', 'try', 24, 1456, NULL, NULL);
INSERT INTO `wordroot` VALUES ('torp', '麻木的', 'numb', 25, 1457, NULL, NULL);
INSERT INTO `wordroot` VALUES ('torr', '干燥的', 'dry', 25, 1458, NULL, NULL);
INSERT INTO `wordroot` VALUES ('touch', '触摸', 'touch', 24, 1459, NULL, NULL);
INSERT INTO `wordroot` VALUES ('treat', '手柄', 'handle', 22, 1460, NULL, NULL);
INSERT INTO `wordroot` VALUES ('trench', '切', 'cut', 24, 1461, NULL, NULL);
INSERT INTO `wordroot` VALUES ('trepid', '哆嗦，颤抖', 'trembling', 24, 1462, NULL, NULL);
INSERT INTO `wordroot` VALUES ('trit', '擦', 'rub', 24, 1463, NULL, NULL);
INSERT INTO `wordroot` VALUES ('tru', '真实的', 'true', 25, 1464, NULL, NULL);
INSERT INTO `wordroot` VALUES ('tut,tuit', '保护', 'protect', 24, 1465, NULL, NULL);
INSERT INTO `wordroot` VALUES ('twine', '绳线', 'twine', 22, 1466, NULL, NULL);
INSERT INTO `wordroot` VALUES ('typ', '类型，种类', 'type', 26, 1467, NULL, NULL);
INSERT INTO `wordroot` VALUES ('uber', '硕果累累的', 'fruitful', 25, 1468, NULL, NULL);
INSERT INTO `wordroot` VALUES ('und', '波浪', 'wave', 15, 1469, NULL, NULL);
INSERT INTO `wordroot` VALUES ('up', '向上的，在...上面', 'up,over', 25, 1470, NULL, NULL);
INSERT INTO `wordroot` VALUES ('vac,vacu,van,void', '空的', 'empty', 25, 1472, NULL, NULL);
INSERT INTO `wordroot` VALUES ('vor', '吃', 'eat', 24, 1473, NULL, NULL);
INSERT INTO `wordroot` VALUES ('vot', '发誓，誓言', 'vow', 24, 1474, NULL, NULL);
INSERT INTO `wordroot` VALUES ('vuls,vult', '拔，撕', 'pluck,tear', 24, 1475, NULL, NULL);
INSERT INTO `wordroot` VALUES ('ware', '看', 'watch', 24, 1476, NULL, NULL);
INSERT INTO `wordroot` VALUES ('zeal', '热情', 'ardor', 17, 1477, NULL, NULL);
INSERT INTO `wordroot` VALUES ('zym', '发酵', 'ferment', 24, 1478, NULL, NULL);
INSERT INTO `wordroot` VALUES ('vail,val', '坚强的', 'strong', 25, 1479, NULL, NULL);
INSERT INTO `wordroot` VALUES ('val,valu', '价值', 'value', 26, 1480, NULL, NULL);
INSERT INTO `wordroot` VALUES ('vale', '告别', 'farewell', 24, 1481, NULL, NULL);
INSERT INTO `wordroot` VALUES ('vapor', '水蒸气', 'steam', 15, 1482, NULL, NULL);
INSERT INTO `wordroot` VALUES ('veh', '拿，携带', 'carry', 24, 1483, NULL, NULL);
INSERT INTO `wordroot` VALUES ('veil', '覆盖', 'cover', 24, 1484, NULL, NULL);
INSERT INTO `wordroot` VALUES ('velop', '覆盖', 'cover', 24, 1485, NULL, NULL);
INSERT INTO `wordroot` VALUES ('vestig', '足迹', 'footprint,track', 17, 1487, NULL, NULL);
INSERT INTO `wordroot` VALUES ('vis,vid', '分离', 'separate', 24, 1488, NULL, NULL);
INSERT INTO `wordroot` VALUES ('vil', '底座', 'base', 22, 1489, NULL, NULL);
INSERT INTO `wordroot` VALUES ('vir', '人，男人', 'man', 17, 1490, 'None', 'virile(vir 男人 + ile 属于…的 → 男性的；阳刚的)');
INSERT INTO `wordroot` VALUES ('viti', '过错', 'fault', 26, 1491, NULL, NULL);
INSERT INTO `wordroot` VALUES ('vituper', '责备', 'blame', 24, 1492, NULL, NULL);
INSERT INTO `wordroot` VALUES ('viv,vit,vig', '生活，生命', 'life', 17, 1493, NULL, NULL);
INSERT INTO `wordroot` VALUES ('auto', '自己，引申义：自动', 'mine', 17, 1497, '', NULL);
INSERT INTO `wordroot` VALUES ('crac', '管理', 'hard', 24, 1498, '', NULL);
INSERT INTO `wordroot` VALUES ('eco', '经济', '', 26, 1499, '', NULL);
INSERT INTO `wordroot` VALUES ('arist', '优秀', '', 25, 1500, '', NULL);
INSERT INTO `wordroot` VALUES ('id,et', '他', 'it', 17, 1501, '', NULL);
INSERT INTO `wordroot` VALUES ('al', '他者', 'else', 17, 1502, '', NULL);
INSERT INTO `wordroot` VALUES ('yond', '你', 'you', 17, 1503, '', NULL);
INSERT INTO `wordroot` VALUES ('anthrop', '人，人类', 'man, human being', 17, 1504, '', 'anthropology(anthrop 人，人类 + ology …学 → 人类学)');

SET FOREIGN_KEY_CHECKS = 1;
